EMILY ,5399
ELLIE ,5142
JESSICA ,4838
SOPHIE ,4670
CHLOE ,4530
OLIVIA ,3985
LUCY ,3908
CHARLOTTE ,3811
KATIE ,3749
MEGAN ,3508
GRACE ,3393
HANNAH ,3312
AMY ,3286
ELLA ,3274
MIA ,3017
LILY ,2803
HOLLY ,2730
AMELIA ,2649
ABIGAIL ,2643
EMMA ,2638
MOLLY ,2610
MILLIE ,2421
LAUREN ,2412
LEAH ,2160
CAITLIN ,2115
REBECCA ,1934
GEORGIA ,1767
BETHANY ,1723
ELEANOR ,1683
ISABELLE ,1665
RUBY ,1654
DAISY ,1638
FREYA ,1605
ISABELLA ,1555
ELIZABETH ,1515
ERIN ,1481
JASMINE ,1468
EVIE ,1407
ALICE ,1393
PAIGE ,1293
MADISON ,1292
AMBER ,1291
PHOEBE ,1290
ABBIE ,1251
POPPY ,1246
COURTNEY ,1200
AIMEE ,1189
NIAMH ,1178
ISABEL ,1174
ANNA ,1173
KEIRA ,1164
LIBBY ,1099
ISOBEL ,1075
SHANNON ,1072
TIA ,1050
SARAH ,1037
ROSIE ,958
ZOE ,953
MAISIE ,943
ALICIA ,938
EVE ,933
ALISHA ,916
SOPHIA ,879
NICOLE ,876
RACHEL ,861
NATASHA ,817
IMOGEN ,799
SCARLETT ,774
MADELEINE ,773
LYDIA ,768
HOLLIE ,754
ALEXANDRA ,730
SUMMER ,727
BROOKE ,719
MORGAN ,699
MADDISON ,677
HARRIET ,657
LOUISE ,657
FRANCESCA ,647
MOLLIE ,642
LAURA ,634
FAITH ,625
ELOISE ,618
MELISSA ,618
MAYA ,609
CHELSEA ,604
JENNIFER ,593
KAYLEIGH ,591
JODIE ,582
JADE ,580
KIERA ,574
KATE ,569
CHARLIE ,565
GEORGINA ,560
CERYS ,545
ZARA ,538
ELISE ,527
LARA ,522
NAOMI ,522
LILLY ,521
AMELIE ,511
KATHERINE ,509
VICTORIA ,507
TILLY ,506
SAMANTHA ,505
MYA ,498
MATILDA ,494
SKYE ,490
AALIYAH ,488
DEMI ,488
EVA ,484
TEGAN ,483
MARIA ,473
YASMIN ,471
EBONY ,461
MILLY ,460
SOFIA ,459
GEMMA ,450
PARIS ,448
MADELINE ,447
DANIELLE ,445
AISHA ,439
NATALIE ,431
ELLEN ,406
ABBY ,402
ANYA ,397
ASHLEIGH ,397
ANGEL ,393
ANNABEL ,392
CARYS ,389
TAYLOR ,386
KELSEY ,385
LOIS ,381
CASEY ,379
FAYE ,379
MARTHA ,378
GABRIELLE ,375
GRACIE ,374
NEVE ,374
LAYLA ,372
BETHAN ,367
ELLE ,365
KAITLYN ,365
ALYSSA ,360
KACEY ,358
ROSE ,354
FLORENCE ,352
SARA ,350
BETH ,348
CIARA ,348
MARYAM ,348
EMILIA ,347
AVA ,346
KATY ,342
SIENNA ,341
SASHA ,340
EVELYN ,338
STEPHANIE ,338
LOLA ,337
ESME ,335
SADIE ,332
INDIA ,329
MAISY ,329
MARY ,325
RHIANNON ,325
CATHERINE ,323
ANNABELLE ,318
ISLA ,311
ROBYN ,311
CAITLYN ,308
FFION ,305
JENNA ,291
ZAINAB ,285
ALIYAH ,284
FATIMA ,284
ESTHER ,283
MACY ,283
ELIZA ,282
SIAN ,281
GABRIELLA ,276
LIBERTY ,274
LILLIE ,273
HEATHER ,272
KIRSTY ,264
KATELYN ,263
KIRA ,263
HOPE ,259
ANNIE ,254
JEMIMA ,252
CARA ,251
TABITHA ,251
HEIDI ,250
RIA ,250
ELISHA ,245
RHIANNA ,244
LOUISA ,243
ZAHRA ,235
KAITLIN ,233
ALEX ,232
LUCIE ,232
SASKIA ,232
CHARLEY ,229
EDEN ,228
JESSIE ,228
SAFFRON ,225
TRINITY ,225
REBEKAH ,224
MARIAM ,222
WILLOW ,222
AMINA ,219
LUCIA ,217
ALANA ,215
CLAUDIA ,215
ABI ,214
ELENA ,214
KAYLA ,209
KIMBERLEY ,209
JOSEPHINE ,208
SYDNEY ,208
JOSIE ,206
JASMIN ,204
RACHAEL ,204
SIMRAN ,204
BEATRICE ,203
CHANTELLE ,202
AMIE ,201
DARCY ,201
LEILA ,201
TARA ,201
NINA ,198
CONNIE ,197
NIA ,197
HONEY ,196
SANA ,196
AYESHA ,195
NADIA ,195
KITTY ,192
TALIA ,192
MACEY ,190
HAYLEY ,189
SINEAD ,189
LAILA ,188
TAMZIN ,186
JEMMA ,185
KATHRYN ,185
LOTTIE ,185
MAIA ,185
ABBEY ,183
IQRA ,182
FELICITY ,179
EMILIE ,178
KELLY ,178
NATALIA ,178
JORJA ,172
KEELEY ,171
DANIELLA ,170
MALAIKA ,170
THEA ,170
TIFFANY ,168
SEREN ,167
JULIA ,166
SAVANNAH ,165
JAMIE ,164
RUTH ,163
HERMIONE ,162
MADDIE ,161
NANCY ,158
CLARA ,157
DESTINY ,157
ALEENA ,156
HANA ,155
SYEDA ,154
TIANA ,154
TAYLA ,152
LACEY ,151
ORLA ,150
TALLULAH ,150
HELENA ,149
KHADIJA ,149
MACKENZIE ,149
MICHELLE ,149
SERENA ,149
CRYSTAL ,148
HAFSA ,147
IMAN ,147
LEONIE ,147
SHAUNA ,145
ISHA ,144
LISA ,144
NIKITA ,144
KACI ,142
KIRSTEN ,142
KYRA ,142
POLLY ,141
ANISA ,139
DARCEY ,139
MICHAELA ,139
HALLE ,138
ISOBELLE ,137
KARA ,137
SHELBY ,137
NICOLA ,136
ASHLEY ,135
SAFA ,135
LANA ,133
TEIGAN ,133
ALINA ,132
SALMA ,132
ANTONIA ,130
IMAAN ,130
LAIBA ,130
LIA ,130
APRIL ,129
CARLA ,129
CHRISTINA ,129
HELEN ,129
AOIFE ,127
CARMEN ,126
RENEE ,126
BONNIE ,125
IONA ,124
RHEA ,124
KYLA ,123
PHILIPPA ,123
SKY ,123
SHANIA ,122
ALEXIA ,121
ELLIE-MAY ,119
TANYA ,119
MIRIAM ,118
BRYONY ,117
ROSA ,117
TIEGAN ,116
FIONA ,115
JOANNA ,115
LEANNE ,115
NELL ,114
STELLA ,114
TAMARA ,114
CONSTANCE ,113
FLEUR ,113
FRANCES ,113
HAFSAH ,113
IRIS ,113
PRIYA ,113
CHANEL ,112
ELLIE-MAE ,112
ANGELINA ,111
HALIMA ,111
MILLICENT ,111
CODIE ,109
ESHA ,109
LILI ,109
DARCIE ,108
NADINE ,108
NOOR ,108
ANASTASIA ,107
GEORGIE ,107
ERICA ,106
LILLI ,106
MELANIE ,106
KASEY ,105
LOWRI ,105
MCKENZIE ,105
SCARLET ,105
ZAYNAB ,105
ANAIS ,104
HANNA ,104
CLAIRE ,103
KELSIE ,103
TONI ,103
ALEXIS ,102
BAILEY ,102
CODY ,102
EMELIA ,102
KHADIJAH ,102
KIARA ,102
SABRINA ,102
TEAGAN ,102
TYLER ,102
FRANKIE ,101
JADA ,100
STACEY ,100
ABBI ,99
BILLIE ,99
CARLY ,99
MAE ,99
TANISHA ,99
ALESHA ,98
ALISHBA ,98
KELIS ,98
AMANDA ,97
YASMINE ,96
AMINAH ,95
LEONI ,95
MACIE ,95
PRECIOUS ,94
AMIRA ,93
ASHA ,93
MONICA ,93
SHANICE ,93
VERITY ,93
ANA ,92
CHARDONNAY ,92
VANESSA ,92
FATIMAH ,91
HAZEL ,91
KERRY ,91
ALIYA ,90
HARLEY ,89
LILLIAN ,89
ROISIN ,89
SAMIRA ,89
KIA ,88
MADELAINE ,88
ANGELA ,87
AYSHA ,87
TIANNA ,87
ARABELLA ,86
ELSIE ,86
KEISHA ,86
LEXIE ,86
SIOBHAN ,86
HALEEMA ,85
KATRINA ,85
SADIA ,85
SALLY ,85
MAGGIE ,84
MEGHAN ,84
NEHA ,84
SHAKIRA ,84
SUMAYA ,84
ALANNAH ,83
CALLIE ,83
CATRIN ,83
TAMSIN ,83
ANNALISE ,82
KACIE ,82
CHANELLE ,81
DIYA ,81
EMMIE ,81
FLORA ,81
GENEVIEVE ,81
TAYA ,81
ANDREA ,80
DEMI-LEIGH ,80
HONOR ,80
ALYSHA ,79
MELODY ,79
DEBORAH ,78
KAYLEY ,78
LORNA ,78
AMNA ,77
FERN ,77
LEYLA ,77
LILA ,77
RIYA ,77
SUMAYYAH ,77
ALIZA ,76
CAROLINE ,76
ELLENA ,76
TESS ,76
ANIKA ,75
EDIE ,75
ELIN ,75
JAYA ,75
JAZMIN ,75
KARINA ,75
KIRAN ,75
ROWAN ,75
FAIZA ,74
JODI ,74
ANISHA ,73
BRIANNA ,73
CHELSEY ,73
ELA ,73
RIANNA ,73
BRODIE ,72
MARGARET ,72
AMANI ,71
LEONA ,71
MIRANDA ,71
ALANNA ,70
AMIRAH ,70
CLEO ,70
MARIE ,70
ROXANNE ,70
ADELE ,69
KATHLEEN ,69
SAPPHIRE ,69
TILLIE ,69
ELSA ,68
PIPER ,68
THALIA ,68
AISHAH ,67
ELISSA ,67
ELYSIA ,67
ROSANNA ,67
ZOYA ,67
CASSIE ,66
JULIETTE ,66
LILIAN ,66
NEAVE ,66
RHIAN ,66
ROSEMARY ,66
STEVIE ,66
AUTUMN ,65
BROGAN ,65
DAVINA ,65
JOANNE ,65
KEELY ,65
LIBBIE ,65
TASNIM ,65
AQSA ,64
BELLA ,64
FARAH ,64
LAURYN ,64
PIPPA ,64
CHIARA ,63
ESTELLE ,63
AMAL ,62
CHARIS ,62
CHEYENNE ,62
CHRISTINE ,62
DIANA ,62
JULIET ,62
NYAH ,62
BEAU ,61
KAYA ,61
REGAN ,61
SHONA ,61
YUSRA ,61
ELINOR ,60
FAY ,60
HALLIE ,60
SABA ,60
SAFIA ,60
BOBBIE ,59
ELISABETH ,59
MARNIE ,59
MUSKAAN ,59
ARWEN ,58
BRONWYN ,58
JOLIE ,58
JOY ,58
KHUSHI ,58
LEA ,58
MIYA ,58
NEVAEH ,58
SIMONE ,58
ALEESHA ,57
AMARA ,57
BIANCA ,57
CORDELIA ,57
ELLIE-MAI ,57
HARMONY ,57
JAIME ,57
LIVIA ,57
AMI ,56
ARIANA ,56
IZZY ,56
JENNY ,56
KENZIE ,56
MAY ,56
HUMAIRA ,55
LENA ,55
LILY-MAE ,55
MALIKA ,55
PENELOPE ,55
SAFIYA ,55
SAIRA ,55
SONIA ,55
SUSANNAH ,55
AAMINAH ,54
DREW ,54
EDITH ,54
ELOUISE ,54
KATHARINE ,54
SACHA ,54
TEEGAN ,54
AAMINA ,53
ANISAH ,53
BOBBI ,53
BRIONY ,53
ERYN ,53
ISOBELLA ,53
JORDAN ,53
KIMBERLY ,53
SAFIYYAH ,53
CORA ,52
DEVON ,52
FIZA ,52
GINA ,52
KARIS ,52
LARISSA ,52
NIEVE ,52
SAMARA ,52
SAMIA ,52
SHREYA ,52
TORI ,52
ALEEZA ,51
ENYA ,51
HENNA ,51
JAZMINE ,51
KEZIAH ,51
LILY-MAY ,51
ALEXA ,50
ANITA ,50
ASMA ,50
AYLA ,50
INES ,50
KAYLEE ,50
MAIZIE ,50
PHOENIX ,50
REANNA ,50
SELINA ,50
VIOLET ,50
JAMIE-LEIGH ,49
LINA ,49
MAISEY ,49
MALI ,49
NAJMA ,49
SABAH ,49
SAIMA ,49
ZARAH ,49
ALIX ,48
ANGELICA ,48
ANJALI ,48
CARRIE ,48
CHANTEL ,48
CHELSIE ,48
ELLIS ,48
LEIA ,48
MABEL ,48
RUQAYYAH ,48
SHARON ,48
YAZMIN ,48
ALIA ,47
BRIDGET ,47
CAMILLA ,47
ELISA ,47
FARRAH ,47
KADIE ,47
LEIGH ,47
MATHILDA ,47
MELISA ,47
RABIA ,47
SUMAIYA ,47
ALEXANDRIA ,46
CASSIDY ,46
ELICIA ,46
LEILANI ,46
NIKKI ,46
TATIANA ,46
BETSY ,45
BUSHRA ,45
CHARLI ,45
DANA ,45
ERIKA ,45
MARIYA ,45
NAIMA ,45
PENNY ,45
PRINCESS ,45
TASNEEM ,45
ZAINA ,45
ZAYNAH ,45
ALISON ,44
ATHENA ,44
BREANNA ,44
DANNI ,44
GABRIELA ,44
HATTIE ,44
INAYAH ,44
KAREN ,44
SANAA ,44
CAITLAN ,43
CANDICE ,43
DEANNA ,43
HABIBA ,43
LEENA ,43
MAISHA ,43
MARISSA ,43
OCEAN ,43
SHARNA ,43
TAMIA ,43
VALENTINA ,43
ABIDA ,42
ALYSIA ,42
ANGHARAD ,42
ANN ,42
AYA ,42
BECKY ,42
BLESSING ,42
HENRIETTA ,42
LILIANA ,42
LUISA ,42
MAARIYAH ,42
SHAYLA ,42
STORM ,42
TAMMY ,42
ANNIKA ,41
CAMILLE ,41
CORAL ,41
HALEEMAH ,41
KEZIA ,41
KIAH ,41
LILY-ROSE ,41
MARIANNE ,41
MARINA ,41
MEG ,41
MONIQUE ,41
AALIYA ,40
ALYSSIA ,40
ANOUSHKA ,40
HAJRA ,40
KAREENA ,40
LATISHA ,40
NATALYA ,40
NIMRA ,40
RHIANNE ,40
RIO ,40
ALESSIA ,39
ASHANTI ,39
ASIA ,39
ELLA-LOUISE ,39
ELYSE ,39
FATMA ,39
IZABELLE ,39
JAMELIA ,39
KRISTINA ,39
KYA ,39
MAEVE ,39
MERCEDES ,39
NANA ,39
SURANNE ,39
ALYS ,38
ANNABELLA ,38
AUDREY ,38
AYAH ,38
CHARLEIGH ,38
CLEMENTINE ,38
DANIELA ,38
ELLY ,38
GLORIA ,38
HARRIETT ,38
ISIS ,38
ISRA ,38
JOYCE ,38
KIANA ,38
MALIHA ,38
MIMI ,38
MYAH ,38
ROMILLY ,38
SAARAH ,38
SAFAH ,38
TESSA ,38
TYRA ,38
AAISHA ,37
ALEISHA ,37
AMEERA ,37
BO ,37
CHARLIZE ,37
ELLOUISE ,37
IKRA ,37
IVY ,37
JANNAT ,37
KRYSTAL ,37
LIBBI ,37
OPHELIA ,37
PEARL ,37
SYLVIE ,37
BRIDIE ,36
BRONTE ,36
CASSANDRA ,36
ELLISE ,36
ELODIE ,36
ESMEE ,36
IZABELLA ,36
KENNEDY ,36
LIANA ,36
MAHNOOR ,36
MAKAYLA ,36
NISHA ,36
PATRICIA ,36
RILEY ,36
TANIA ,36
TEHYA ,36
AMRIT ,35
BIBI ,35
CAMERON ,35
CHARLENE ,35
EESHA ,35
ELENI ,35
ELERI ,35
FAIZAH ,35
FREJA ,35
JAMILA ,35
JANE ,35
KATELIN ,35
LEXI ,35
MALIKAH ,35
MILLI ,35
TARYN ,35
ABBIGAIL ,34
ANNE ,34
CECILIA ,34
CELINE ,34
CERI ,34
FREYJA ,34
JAMIE-LEE ,34
MISHA ,34
SAMIYA ,34
SANDRA ,34
SAVANNA ,34
SIENA ,34
TAHLIA ,34
TAZMIN ,34
TERESA ,34
TINA ,34
TYLA ,34
ASMAA ,33
BRITNEY ,33
DOMINIQUE ,33
DULCIE ,33
EBONIE ,33
HIBA ,33
KELISE ,33
LOREN ,33
LUCINDA ,33
LULU ,33
MAARIYA ,33
MAHA ,33
MARWA ,33
MISSY ,33
NAFISA ,33
ROCHELLE ,33
SORAYA ,33
SUMAYYA ,33
VERONICA ,33
AGNES ,32
ANEESAH ,32
BEATRIX ,32
BILLIE-JO ,32
CELIA ,32
DIONNE ,32
ELLIE-LOUISE ,32
ELSPETH ,32
FATEMA ,32
FATHIMA ,32
HALIMAH ,32
JAIMEE ,32
JESS ,32
JOCELYN ,32
KARLA ,32
KIYA ,32
KYLIE ,32
LACIE ,32
MARIAH ,32
MARIYAH ,32
MINNIE ,32
PIA ,32
PORTIA ,32
REEM ,32
SAOIRSE ,32
TIERNEY ,32
AISLING ,31
AMRITA ,31
ARIANNA ,31
BETHANIE ,31
CELESTE ,31
CHARMAINE ,31
CHAYA ,31
CLARE ,31
FALLON ,31
HOLLI ,31
IZABEL ,31
MADELYN ,31
MAHIMA ,31
MUNA ,31
REESE ,31
SIDRA ,31
THERESA ,31
ALISSA ,30
ANAYA ,30
CADENCE ,30
COCO ,30
DAISIE ,30
ELLA-MAE ,30
ELLI ,30
EMMANUELLA ,30
GISELLE ,30
HUSNA ,30
IMANI ,30
KAIA ,30
LEIGHA ,30
LEVI ,30
LILIA ,30
LUCI ,30
MANON ,30
MARISA ,30
MARLEY ,30
MIKAYLA ,30
POPPIE ,30
RAHIMA ,30
ROBERTA ,30
ROMANY ,30
ROSINA ,30
SANIYA ,30
SILA ,30
SUSAN ,30
ZAARA ,30
DARCI ,29
DEMI-LEE ,29
ELEN ,29
HUDA ,29
HUMAYRA ,29
INAYA ,29
JUSTINE ,29
KIRSTIE ,29
KRISTEN ,29
MAHEK ,29
MIAH ,29
NORA ,29
PRISCILLA ,29
ROSALIND ,29
SAFAA ,29
SANAH ,29
SARINA ,29
AIMIE ,28
ANNALIESE ,28
AREEBA ,28
ASIYA ,28
CELYN ,28
CLARISSA ,28
DENISE ,28
DION ,28
JACQUELINE ,28
MAI ,28
MALAK ,28
MALEEHA ,28
MARNI ,28
MARTINA ,28
RIVKA ,28
ROSEANNA ,28
SANIA ,28
SHANELLE ,28
TAYLER ,28
ALANAH ,27
AMAYA ,27
ANEESA ,27
ANWEN ,27
AYSE ,27
JAYDA ,27
KIANNA ,27
MENNA ,27
MINA ,27
MISBAH ,27
RAYAN ,27
ROMY ,27
SHIVANI ,27
SUMAIYAH ,27
ZAYNA ,27
ADRIANA ,26
AINE ,26
AMIEE ,26
ANAM ,26
BETTY ,26
CARINA ,26
CHARLEE ,26
CHERISE ,26
EMAAN ,26
EVANGELINE ,26
HANAN ,26
HIRA ,26
JOELY ,26
LAIBAH ,26
LETITIA ,26
MADIHAH ,26
RHIA ,26
SAFFA ,26
SAHRA ,26
SELIN ,26
SUZANNE ,26
TIYA ,26
AMALIE ,25
ARMANI ,25
AZRA ,25
CATRIONA ,25
ELIANA ,25
ESHAL ,25
FAHIMA ,25
FARIHA ,25
HELIN ,25
KATYA ,25
KIM ,25
LAAIBAH ,25
LILY-MAI ,25
LOGAN ,25
MADDY ,25
MALAIKAH ,25
MILAN ,25
NAZIFA ,25
NUHA ,25
RAHMA ,25
REMI ,25
ROXY ,25
SAHAR ,25
SAMIHA ,25
SUSANNA ,25
TERRI ,25
TRACY ,25
ALISA ,24
AMALIA ,24
AMEENA ,24
ANIQA ,24
ANJA ,24
AVNEET ,24
AYISHA ,24
BEATRIZ ,24
BISMAH ,24
BROOKLYN ,24
CYDNEY ,24
EMILLIE ,24
EMMY ,24
HIBAH ,24
JEAN ,24
JIYA ,24
JODY ,24
KACY ,24
KADY ,24
KALI ,24
KENDRA ,24
KODIE ,24
LANI ,24
MADIHA ,24
MAIYA ,24
MAJA ,24
NAILA ,24
SHANAY ,24
SKYLA ,24
SOFIE ,24
TAHIRA ,24
AMBA ,23
ASHLEE ,23
AURORA ,23
BAYLEIGH ,23
BRONWEN ,23
CHRISTIE ,23
CHYNA ,23
CLOE ,23
DALIA ,23
DANIA ,23
DINA ,23
HANIFA ,23
JASPREET ,23
JIA ,23
KATERINA ,23
LAURIE ,23
LEANNA ,23
MISTY ,23
NUALA ,23
OLIVE ,23
PAULA ,23
RAEESAH ,23
ROBIN ,23
SADE ,23
SAFIYAH ,23
SELENA ,23
SHANA ,23
SYLVIA ,23
ZOHA ,23
BRIANA ,22
BROOK ,22
CHRISTIANA ,22
COURTENEY ,22
DANI ,22
DOROTHY ,22
ELLA-ROSE ,22
ELYSHA ,22
GEORGIANA ,22
GRETA ,22
GYPSY ,22
HUMA ,22
KEELEIGH ,22
KELSI ,22
LILLY-MAE ,22
LILLY-MAY ,22
MEREDITH ,22
MILA ,22
NAIMAH ,22
NIMRAH ,22
RHEANNA ,22
ROMA ,22
SADIYA ,22
SHANAE ,22
SHRIYA ,22
STACIE ,22
STAR ,22
TABATHA ,22
TAIBA ,22
TALITHA ,22
TRACEY ,22
UZMA ,22
YARA ,22
ZAHRAH ,22
ADELAIDE ,21
AGATHA ,21
AILSA ,21
AIZA ,21
ALESSANDRA ,21
AMMARAH ,21
ANANYA ,21
ANNE-MARIE ,21
ANUSHKA ,21
ASHLYN ,21
BISMA ,21
CARLIE ,21
CASSIA ,21
CHARLY ,21
CHEYANNE ,21
CODI ,21
ELIF ,21
ELLA-MAY ,21
ELLENOR ,21
FELICIA ,21
HARPREET ,21
HEBE ,21
HUMAIRAA ,21
IKRAM ,21
ISABELL ,21
JAIMIE ,21
JANA ,21
JAYDEN ,21
KAYCEE ,21
KERRI ,21
KHIA ,21
KLOE ,21
KOMAL ,21
LAUREL ,21
LILLIE-MAE ,21
MAARIA ,21
MAIRA ,21
MAKENZIE ,21
MANAL ,21
MEHAK ,21
NABILA ,21
NADA ,21
NAWAL ,21
NEIVE ,21
SADIYAH ,21
SAKINA ,21
SAMINA ,21
SHANI ,21
TRISHA ,21
UMA ,21
YASMEEN ,21
ZAHRAA ,21
ACACIA ,20
AFSANA ,20
ASHTON ,20
ASTRID ,20
ATLANTA ,20
AYOMIDE ,20
CAOIMHE ,20
CATARINA ,20
DAPHNE ,20
ELLIE- ,20
ELLISHA ,20
FAHMIDA ,20
FRANKEE ,20
GIORGIA ,20
HAJRAH ,20
HAMDA ,20
HANNAN ,20
HARLEEN ,20
ILAYDA ,20
ISMA ,20
JANNAH ,20
JASLEEN ,20
JOHANNA ,20
KHADEEJAH ,20
KIZZY ,20
LAVINIA ,20
LETICIA ,20
LILAH ,20
LINDA ,20
LINDSEY ,20
LUANA ,20
LYBA ,20
MANISHA ,20
MARI ,20
MASUMA ,20
MATHILDE ,20
MIKAELA ,20
PHEOBE ,20
POLLYANNA ,20
RANIA ,20
RITA ,20
SAMAH ,20
SAMIRAH ,20
SAMIYAH ,20
SUZANNA ,20
TAMANNA ,20
TAMAR ,20
TASHA ,20
TASMIN ,20
TAYYIBAH ,20
YASEMIN ,20
ABIGAEL ,19
ALISSIA ,19
ALLIYAH ,19
AROOJ ,19
BELLE ,19
BERNADETTE ,19
CARIS ,19
CHANTAL ,19
DILARA ,19
ELIZE ,19
ELLE-MAY ,19
ELOISA ,19
EMMA-LOUISE ,19
GIA ,19
GWENLLIAN ,19
HARLEIGH ,19
HARRIETTE ,19
IDA ,19
JANELLE ,19
JERSEY ,19
JUDE ,19
JULIE ,19
KATELYNN ,19
KERYS ,19
MARIANA ,19
MARTA ,19
MEA ,19
NUSAYBAH ,19
RAE ,19
REANNE ,19
REBECA ,19
ROSHNI ,19
RUMAYSA ,19
SABIHA ,19
SHAYNA ,19
SHELLEY ,19
SIMRA ,19
SNEHA ,19
TALLY ,19
VIENNA ,19
WENDY ,19
XANTHE ,19
ZEYNEP ,19
ALEAH ,18
AMY-LEIGH ,18
AMY-LOUISE ,18
ATIYA ,18
AVANI ,18
BECA ,18
CAPRICE ,18
CARI ,18
CHANICE ,18
CHERRY ,18
CHRISTY ,18
COLETTE ,18
CRISTINA ,18
DANNIELLA ,18
DAYNA ,18
DILAN ,18
DONNA ,18
ELAN ,18
ELINA ,18
ELISIA ,18
ELLIE-ROSE ,18
EUNICE ,18
GAIA ,18
HABIBAH ,18
HAILEY ,18
HAILIE ,18
HAJAR ,18
IFRAH ,18
INDIGO ,18
KAI ,18
KAIYA ,18
KARISHMA ,18
KEREN ,18
KODI ,18
LAINEY ,18
LARAIB ,18
LEELA ,18
LESLEY ,18
LETISHA ,18
LEYA ,18
LUNA ,18
LYRA ,18
MAIREAD ,18
MARCIE ,18
MARIELLA ,18
MILENA ,18
MOLLI ,18
MONTANA ,18
NABIHA ,18
NAINA ,18
NIAH ,18
NIKKITA ,18
OTTILIE ,18
PRIYANKA ,18
ROSALIE ,18
SANJANA ,18
SEHAR ,18
SIDRAH ,18
TALA ,18
TASNIA ,18
AALIAH ,17
ADEEBA ,17
AERYN ,17
AKSA ,17
ALANIS ,17
ALARNA ,17
ALEYNA ,17
ALIESHA ,17
ALISHBAH ,17
ALLEGRA ,17
AMEERAH ,17
AMISHA ,17
ANUSHA ,17
ARWA ,17
ARZOO ,17
BERFIN ,17
BRITTANY ,17
CAROLINA ,17
CHRISTABEL ,17
DAISY-MAY ,17
DEVINA ,17
DUAA ,17
EILIDH ,17
ELLIE-MARIE ,17
FAATIMAH ,17
FALAK ,17
FARZANA ,17
GURLEEN ,17
GURPREET ,17
HEBA ,17
INDIANA ,17
ISADORA ,17
JUANITA ,17
JULIANA ,17
KASIA ,17
KATLYN ,17
KAY ,17
KAYDEE ,17
KEARA ,17
KIRSTIN ,17
LILY-ANNE ,17
LORRAINE ,17
MADALINE ,17
MARCIA ,17
MARIANNA ,17
MARYAMA ,17
MEERA ,17
MERYEM ,17
NADIYAH ,17
NAFISAH ,17
NEEVE ,17
NELLIE ,17
NIOMI ,17
NOUR ,17
PHEBE ,17
REA ,17
RENAE ,17
RIDA ,17
SAMAR ,17
SAMEERA ,17
SHAE ,17
SHANTEL ,17
SIONED ,17
SUMMA ,17
TASLIMA ,17
THEODORA ,17
XENIA ,17
ZAKIA ,17
ZAKIYAH ,17
ZENA ,17
ZOFIA ,17
AAISHAH ,16
ABIGALE ,16
ADITI ,16
AIYSHA ,16
ALISHIA ,16
ALLY ,16
ANASTACIA ,16
ANISSA ,16
ANNELIESE ,16
ANNELISE ,16
ASHLEA ,16
BLOSSOM ,16
BRODY ,16
CALLY ,16
CECILY ,16
CHINA ,16
CLARICE ,16
DAISY-MAE ,16
EFA ,16
EISHA ,16
ELANA ,16
ELLIE-JO ,16
FEARNE ,16
GIOVANNA ,16
GIULIA ,16
HAFIZA ,16
HAMNA ,16
HARLIE ,16
HINA ,16
ISRAA ,16
IVANA ,16
IZZIE ,16
JANET ,16
JUDITH ,16
KAELA ,16
KATEY ,16
KEELIE ,16
KENYA ,16
KIESHA ,16
KYAH ,16
KYLAH ,16
LILIE ,16
MANPREET ,16
MARA ,16
MARIAMA ,16
MEHEK ,16
MILLIE-MAE ,16
MUSKAN ,16
NASRA ,16
NIDA ,16
NUR ,16
ORIANA ,16
PATIENCE ,16
PHILLIPPA ,16
RANA ,16
RAVEN ,16
RAYA ,16
RHIANA ,16
RHIANN ,16
RIMSHA ,16
ROMANA ,16
SAARA ,16
SAHARA ,16
SANYA ,16
SHAHD ,16
SIA ,16
STACY ,16
SUNNY ,16
TALYA ,16
TAMIKA ,16
TATYANA ,16
TAYAH ,16
UMAYMAH ,16
VIVIEN ,16
YUMNA ,16
ZEBA ,16
AALIA ,15
ABIGAYLE ,15
AICHA ,15
ALECIA ,15
ALIVIA ,15
AMAN ,15
AMARAH ,15
ANABELLE ,15
ANUM ,15
AYAN ,15
CAILIN ,15
CARLEY ,15
CARMEL ,15
CATE ,15
CHARDONAY ,15
CINDY ,15
CYNTHIA ,15
DANNIELLE ,15
DORA ,15
ELAINA ,15
ELANOR ,15
ELLICE ,15
ELLOISE ,15
EMAN ,15
EMMELINE ,15
GEORGI ,15
HADIA ,15
HANAA ,15
HUMERA ,15
INDYA ,15
IRENE ,15
IZOBEL ,15
JAMILAH ,15
JAYDE ,15
JEMIMAH ,15
JESSIKA ,15
KADIJA ,15
KALLIE ,15
KARYS ,15
KATARINA ,15
KATIE-LOUISE ,15
KIMI ,15
KIRI ,15
LANEY ,15
LARNA ,15
LEILAH ,15
LIZA ,15
LUCILLE ,15
MADEEHA ,15
MAHIRA ,15
MAIR ,15
MALKA ,15
MARLI ,15
MARY-JANE ,15
MEADOW ,15
MELINA ,15
MERCY ,15
MICA ,15
MIKA ,15
NAHIDA ,15
NUSRAT ,15
SABINA ,15
SADAF ,15
SEHRISH ,15
SHANTE ,15
SIMRAH ,15
SKYLAR ,15
SUMEYA ,15
TAHMINA ,15
TALLIE ,15
TAYBAH ,15
TIARNA ,15
VALERIE ,15
YSABEL ,15
ZOHRA ,15
ZULAIKHA ,15
ADINA ,14
ADRIENNE ,14
AIESHA ,14
ALAYNA ,14
ALENA ,14
ALIMA ,14
ALISIA ,14
ALLANA ,14
ALLIE ,14
ALMA ,14
AMANPREET ,14
AMMARA ,14
ANIA ,14
AREEBAH ,14
ARIANNE ,14
AYSHAH ,14
BEA ,14
BLYTHE ,14
CALLISTA ,14
CARIAD ,14
CELINA ,14
CHRYSTAL ,14
CLODAGH ,14
DAYA ,14
DEMILEIGH ,14
DESIREE ,14
DIOR ,14
DIVINE ,14
DOLLY ,14
ELAINE ,14
ELLE-MAE ,14
EMI ,14
EMILEE ,14
ESRA ,14
FARHANA ,14
FATOU ,14
FENELLA ,14
GIANNA ,14
GWENNO ,14
HADIQA ,14
HAMDI ,14
HANIYA ,14
HAWA ,14
IOLA ,14
IRAM ,14
JADEN ,14
JASMYN ,14
JAYNE ,14
JENNIE ,14
KARIMA ,14
KEERA ,14
KELLIE ,14
KENZA ,14
KETSIA ,14
KIKI ,14
KIMRAN ,14
LEXY ,14
LIYA ,14
LIYANA ,14
MAGDALENA ,14
NADIRA ,14
NEELAM ,14
NEL ,14
PARRIS ,14
PORSCHA ,14
RIANNE ,14
ROWENA ,14
RUBIE ,14
SALIHA ,14
SARAH-JANE ,14
SHAAN ,14
SHANNAN ,14
SHIANNE ,14
SHIFA ,14
SHYANNE ,14
SORCHA ,14
SUZANNAH ,14
TEA ,14
VICKY ,14
VIRGINIA ,14
WINNIE ,14
ZOEY ,14
AAMNA ,13
AASIYAH ,13
ADA ,13
AIDA ,13
AILISH ,13
AIYANA ,13
ALANYA ,13
ALYCIA ,13
AMILIA ,13
ARIELLA ,13
AURELIA ,13
BARBARA ,13
BAYLEY ,13
BLISS ,13
BONITA ,13
CADI ,13
CAYLA ,13
CERIS ,13
CICELY ,13
CLIO ,13
CORINNE ,13
DAKOTA ,13
DANAE ,13
DANICA ,13
DAWN ,13
DEBBIE ,13
DELILAH ,13
EILEEN ,13
ELLA-MARIE ,13
ELYSSA ,13
EMILY-ROSE ,13
GILLIAN ,13
GWEN ,13
HARINI ,13
HAZAL ,13
HESTER ,13
IESHA ,13
INGRID ,13
ISABELA ,13
ISHRAT ,13
JACEY ,13
JAIDA ,13
JULIANNA ,13
JULIANNE ,13
KAILA ,13
KAITLAN ,13
KAVITA ,13
KAYLIE ,13
KELCI ,13
KELSEA ,13
KHALISAH ,13
KINZA ,13
KYRAH ,13
LINDSAY ,13
LUBNA ,13
LUCIANA ,13
MANAHIL ,13
MARIYAM ,13
MILLA ,13
MOLLY-ANN ,13
MUMINAH ,13
NABILAH ,13
NAYANA ,13
NISA ,13
NISHAT ,13
NYA ,13
PAMELA ,13
PAULINA ,13
PHILLIPA ,13
PORSHA ,13
RAEESA ,13
RAINE ,13
REEGAN ,13
RHIANNAN ,13
RONNI ,13
RUQAYYA ,13
SAIDA ,13
SALINA ,13
SAMAN ,13
SHIRLEY ,13
SHREEYA ,13
SIDNEY ,13
SOMMER ,13
SONYA ,13
SUDE ,13
SYDNIE ,13
TAMSYN ,13
TEHREEM ,13
TEYA ,13
UMAIMAH ,13
VALERIA ,13
VIVIAN ,13
VIVIENNE ,13
WHITNEY ,13
WINIFRED ,13
YU ,13
ZENAB ,13
ZULEKHA ,13
ADRIANNA ,12
ALISHAH ,12
ALIYYAH ,12
ALLANAH ,12
AMARI ,12
AMMAARAH ,12
ANABEL ,12
ANAIYA ,12
ANALISE ,12
ANEEKA ,12
ANIQAH ,12
ANJUMA ,12
ANN-MARIE ,12
ANOUSKA ,12
ARIA ,12
ARIANE ,12
BELINDA ,12
CARENZA ,12
CARISSA ,12
CARLOTTA ,12
CASIE ,12
CHANTE ,12
CIERA ,12
D'ARCY ,12
DANIKA ,12
DANYA ,12
DELLA ,12
DEMI-LEA ,12
ELLESE ,12
ELLESSE ,12
EMILLIA ,12
EMILY-JANE ,12
ESTELLA ,12
EVIE-MAE ,12
FARJANA ,12
GABIJA ,12
GURSIMRAN ,12
HANIFAH ,12
HAVANA ,12
HEENA ,12
INDIRA ,12
JANAE ,12
JANNA ,12
JUWARIAH ,12
KAINAAT ,12
KAINAT ,12
KAIRA ,12
KAJAL ,12
KASIE ,12
KEAH ,12
KEAVY ,12
KEIRA-LEIGH ,12
KHADIZA ,12
KRISTA ,12
KRISTIN ,12
LABIBA ,12
LAKEISHA ,12
LATIFA ,12
LATOYA ,12
LEAH-MARIE ,12
LIDIA ,12
LILITH ,12
LIYAH ,12
LORI ,12
LULA ,12
LYLA ,12
MAAME ,12
MAEGAN ,12
MAHEEN ,12
MALAYEKA ,12
MANDY ,12
MARLIE ,12
MEENA ,12
MEHREEN ,12
MELIKE ,12
MELINDA ,12
MISCHA ,12
MONA ,12
MUNIRA ,12
NABIHAH ,12
NAEEMA ,12
NATHALIE ,12
NAZIA ,12
NORAH ,12
NURA ,12
NYLA ,12
PERSEPHONE ,12
PETRA ,12
RAQUEL ,12
RAWAN ,12
REAGAN ,12
REMY ,12
RIANA ,12
RUQAYA ,12
RUWAYDA ,12
SALEHA ,12
SANNA ,12
SAYEDA ,12
SHAIMA ,12
SHANIQUE ,12
SHANTI ,12
SHARMIN ,12
SHAY ,12
SHAYMA ,12
SHEIKH ,12
SHRUTI ,12
SUMAYAH ,12
SUSIE ,12
TAHIYA ,12
TALIAH ,12
TALIYAH ,12
TIAH ,12
TIAN ,12
TRUDY ,12
UMME ,12
UNAISAH ,12
YAEL ,12
YOLANDA ,12
YVONNE ,12
ZEHRA ,12
ZIA ,12
AAKIFAH ,11
ADIBA ,11
ALAINA ,11
ALAW ,11
ALBA ,11
ALEKSANDRA ,11
AMAANI ,11
AMBERLEIGH ,11
AMENA ,11
AMIA ,11
AMINATA ,11
ANEESHA ,11
ANNA-MARIA ,11
ARIBAH ,11
ARIFA ,11
ARYA ,11
AZIZA ,11
BEVERLEY ,11
BEYONCE ,11
BRYANNA ,11
CALISTA ,11
CEARA ,11
CEIRA ,11
CHANTELL ,11
CHIANA ,11
CHLOE-ANN ,11
COLLEEN ,11
DARIA ,11
DELINA ,11
DELPHINE ,11
DERYN ,11
EBONI ,11
ELLIE-JAY ,11
ELLYSE ,11
EMMANUELA ,11
ESMAE ,11
FIZZAH ,11
FLORRIE ,11
FRAYA ,11
FREDERICA ,11
FRIDA ,11
GERALDINE ,11
HETTY ,11
HILARY ,11
ILANA ,11
ILHAM ,11
INDIE ,11
JAYME ,11
JELENA ,11
JENA ,11
JENNAH ,11
JOELLE ,11
JONI ,11
JUNE ,11
KATELAN ,11
KAYDI ,11
KAYLAH ,11
KAYSHA ,11
KAYTLIN ,11
KAZI ,11
KEA ,11
KEIGHLEY ,11
KELCIE ,11
KENDALL ,11
KERENZA ,11
KERI ,11
KERIS ,11
KLARA ,11
KUBRA ,11
LIANNA ,11
LIV ,11
LORENA ,11
LORETTA ,11
LYBAH ,11
MAIZY ,11
MARED ,11
MARIAN ,11
MARIUM ,11
MARLENE ,11
MARYAN ,11
MELEK ,11
MERRYN ,11
MOLLY-MAY ,11
MONIKA ,11
MUNTAHA ,11
MYLA ,11
NAWAAL ,11
OLYMPIA ,11
PEACE ,11
PRISHA ,11
RADHIKA ,11
RAMLA ,11
RASHIDA ,11
RENE ,11
SANJIDA ,11
SAPHIRE ,11
SAVANAH ,11
SHANAYA ,11
SHANIQUA ,11
SHANON ,11
SHEENA ,11
SHOLA ,11
SIDONIE ,11
SKYLER ,11
STARR ,11
SUHA ,11
SURAYA ,11
TAIYA ,11
TALI ,11
TANVI ,11
TATUM ,11
TEONI ,11
URSULA ,11
XIN ,11
ZEENAT ,11
ZEINAB ,11
AANYA ,10
ABBIEGAIL ,10
AIMEE-LEIGH ,10
AISHAT ,10
AKIRA ,10
ALYSHIA ,10
AMANDEEP ,10
AMBER-LEIGH ,10
AMEL ,10
AMILAH ,10
AMNAH ,10
ANIYA ,10
ANNABELL ,10
ARIELLE ,10
ASIYAH ,10
AYAT ,10
BIBA ,10
BRENDA ,10
BUSE ,10
CALLI ,10
CARAGH ,10
CATALINA ,10
CATERINA ,10
CEREN ,10
CHANELL ,10
CHANNELLE ,10
COMFORT ,10
CORTNEY ,10
DANNII ,10
DELTA ,10
DENI ,10
DENISA ,10
DIANE ,10
DIXIE ,10
DOLCIE ,10
ECE ,10
EDA ,10
ELEANA ,10
ELIA ,10
ELKIE ,10
ELLIA ,10
EMA ,10
EMER ,10
EMILLY ,10
EMINE ,10
ESMA ,10
FABIHA ,10
FARHEEN ,10
FINLAY ,10
FIZZA ,10
FLAVIA ,10
GABRIELE ,10
HADIYAH ,10
HAFIZAH ,10
HARMONIE ,10
HAYLEIGH ,10
HAZERA ,10
HENA ,10
HETTIE ,10
HOLLY-MARIE ,10
IKRAH ,10
ISHIKA ,10
ISLAY ,10
JADYN ,10
JANINE ,10
JAZMYN ,10
JESSE ,10
JO ,10
JOLENE ,10
JORDANNA ,10
JUWAIRIYAH ,10
KALISHA ,10
KAMILA ,10
KAROLINA ,10
KATIE-LEIGH ,10
KELISHA ,10
KEYA ,10
KHANSA ,10
KIERRA ,10
KRISHA ,10
LAETITIA ,10
LATIA ,10
LATIFAH ,10
LIAN ,10
LILY- ,10
LOTTE ,10
LYNN ,10
MACI ,10
MADALEINE ,10
MADISYN ,10
MADYSON ,10
MANUELA ,10
MARCY ,10
MARGOT ,10
MEAH ,10
MILI ,10
MILLIE-MAY ,10
MONET ,10
MORWENNA ,10
MYSHA ,10
NAFEESA ,10
NAKITA ,10
NANDINI ,10
NECHAMA ,10
NELLY ,10
OLIVIA-ROSE ,10
OLUWADAMILOLA ,10
OLUWAKEMI ,10
OREOLUWA ,10
PAISLEY ,10
PAVAN ,10
POPPI ,10
RAEGAN ,10
RAISA ,10
REENA ,10
RISHA ,10
ROJIN ,10
ROSY ,10
ROXANA ,10
SAALIHAH ,10
SABAA ,10
SAGAL ,10
SAIRAH ,10
SAMEEHA ,10
SAMMY ,10
SAMRA ,10
SAREENA ,10
SAVANA ,10
SERAPHINA ,10
SHALOM ,10
SHANIYA ,10
SHANTELL ,10
SHAZNAY ,10
SHUKRI ,10
SHYLA ,10
SILAN ,10
SILVIA ,10
SOHA ,10
SOPHIE-LOUISE ,10
SUDENAZ ,10
SUMIYA ,10
SUMMER-LOUISE ,10
SURAIYA ,10
TAHSIN ,10
TAMMIE ,10
TAMZYN ,10
TANSY ,10
TEAH ,10
TEMITOPE ,10
TESNI ,10
TIARA ,10
TILLI ,10
TONI-ANN ,10
TULSI ,10
WASIMA ,10
XENA ,10
YAGMUR ,10
YANA ,10
YVETTE ,10
ZAINAH ,10
ABBIGALE ,9
ABENA ,9
AFUA ,9
AKOSUA ,9
ALEASHA ,9
ALEXI ,9
AMARIS ,9
AMBER-ROSE ,9
AMIIRA ,9
ANDIE ,9
ANDRIANA ,9
ANEEQA ,9
ANGELIQUE ,9
ANNELIE ,9
ANNI ,9
ARISHA ,9
ARISSA ,9
AYANNA ,9
AYMAN ,9
BLAISE ,9
CAILEY ,9
CAITLEN ,9
CASEY-LEIGH ,9
CATHRYN ,9
CHANA ,9
CHANTAE ,9
CHELSEA-LEIGH ,9
CHERYL ,9
CORRINA ,9
DEEYA ,9
DELYTH ,9
DIVYA ,9
EADIE ,9
EEMAN ,9
EIMAAN ,9
EKATERINA ,9
ELISSIA ,9
ELLIEMAY ,9
ELYSSIA ,9
EMMA-LEIGH ,9
EMMI ,9
ENIOLA ,9
ERINN ,9
EUGENIE ,9
EVELINE ,9
FAAIZAH ,9
FAYTH ,9
FINLEY ,9
HASNA ,9
HATICE ,9
HAWWA ,9
HEAVEN ,9
HODAN ,9
IDIL ,9
IFEOLUWA ,9
IONE ,9
IZABELA ,9
JASMINA ,9
JAVERIA ,9
JOANA ,9
JOSELYN ,9
KAILEY ,9
KARIMAH ,9
KASSIDY ,9
KATIA ,9
KAYLEA ,9
KEEVA ,9
KERRIE ,9
KIRANDEEP ,9
KYM ,9
LAINIE ,9
LILY-ANN ,9
LIZZIE ,9
LLINOS ,9
LOUISHA ,9
LUCY-MAE ,9
LUELLA ,9
MADDI ,9
MAHI ,9
MAIMUNA ,9
MAKEDA ,9
MARAM ,9
MARCELLA ,9
MARION ,9
MAYMUNAH ,9
MEAGAN ,9
MEI ,9
MELODIE ,9
MIA-ROSE ,9
MICHAELLA ,9
MINNA ,9
MIYAH ,9
MOESHA ,9
MOLLIE-MAE ,9
MUNEEBAH ,9
MYIESHA ,9
NAHIMA ,9
NASRIN ,9
NAVNEET ,9
NAYAB ,9
NERISSA ,9
NICHOLE ,9
NIYAH ,9
NOA ,9
NYASHA ,9
ORLAGH ,9
PARISA ,9
PARYS ,9
PEGGY ,9
RAPHAELA ,9
REHANA ,9
RITIKA ,9
ROMI ,9
ROSEY ,9
RUBI ,9
RUBY-MAE ,9
RUQAYAH ,9
RUQIYA ,9
SAHER ,9
SAKINAH ,9
SALWA ,9
SAMMI ,9
SANAM ,9
SANDY ,9
SANIYAH ,9
SAPHIA ,9
SAPPHIRA ,9
SARAH-LOUISE ,9
SASCHA ,9
SEHER ,9
SELMA ,9
SEPHORA ,9
SERENITY ,9
SHAI ,9
SHAKIRAH ,9
SHANADE ,9
SHANTELLE ,9
SHAYLEE ,9
SHELLY ,9
SIANA ,9
SIHAAM ,9
SIHAM ,9
SOPHIE-ANN ,9
SUAD ,9
SUHANA ,9
SUKI ,9
SUMMAYAH ,9
SYDNEE ,9
TANAYA ,9
TANZEELA ,9
TANZILA ,9
TASNIMA ,9
TAYBA ,9
TEJA ,9
TERI ,9
TILLY-MAE ,9
TINASHE ,9
TULA ,9
UMAYYAH ,9
UNA ,9
UNIQUE ,9
VANESA ,9
VENUS ,9
YASMINA ,9
YSABELLA ,9
ZION ,9
AAMIRAH ,8
ABBIE-LEIGH ,8
ABYGAIL ,8
ADELINA ,8
AFIFA ,8
AIMEE-LOUISE ,8
AISLINN ,8
AKASHA ,8
ALARA ,8
ALEEMA ,8
ALEYSHA ,8
ALIAH ,8
ALLANNAH ,8
ALTHEA ,8
ALYX ,8
ANKITA ,8
ANNICE ,8
ANOUK ,8
ANOUSHA ,8
ANSA ,8
ARAMINTA ,8
AREEJ ,8
ARIADNE ,8
ARTEMIS ,8
ARUSHI ,8
ARZU ,8
ASHANI ,8
ASHER ,8
ASHLIE ,8
ASRA ,8
AVNI ,8
AVRIL ,8
AWEN ,8
AYRA ,8
BASMA ,8
BENITA ,8
BERNICE ,8
BOBBIE-LEIGH ,8
CAGLA ,8
CAITLYNN ,8
CAROL ,8
CARRIE-ANNE ,8
CHANNEL ,8
CHASE ,8
CHERISH ,8
CHIAMAKA ,8
CODEY ,8
DARLA ,8
DARYA ,8
DEA ,8
DEJA ,8
DENA ,8
DESTINEE ,8
DYLAN ,8
EILISH ,8
ELIE ,8
ELLA- ,8
ELLA-JADE ,8
ELLEANOR ,8
ELLEE ,8
ELLESHA ,8
ELLIE-JANE ,8
ELLIEMAE ,8
EMERALD ,8
EMILIJA ,8
EOWYN ,8
ESTER ,8
FATEHA ,8
FAVOUR ,8
FRANCINE ,8
FREYAH ,8
GEORGETTE ,8
GIFT ,8
GIZEM ,8
GLADYS ,8
GRACEY ,8
GRACIE-MAE ,8
HAJARA ,8
HALA ,8
HALEENA ,8
HALEY ,8
HALINA ,8
HAMNAH ,8
HANAH ,8
HANIA ,8
HANIAH ,8
HANSA ,8
HAYAT ,8
HELAINA ,8
HELEDD ,8
HIFSA ,8
HIMANI ,8
HIND ,8
IBTISAM ,8
IFRA ,8
ILSA ,8
ISHBEL ,8
ISSABELLE ,8
IZZABELLA ,8
JAMEELAH ,8
JAMILLA ,8
JANIE ,8
JAYLA ,8
JAYMEE ,8
JENIFER ,8
JODIE-LEIGH ,8
JOEY ,8
JUDY ,8
JUHI ,8
KACEE ,8
KACEY-LEIGH ,8
KAISHA ,8
KASHISH ,8
KATIE-ANN ,8
KATIE-MAY ,8
KAYLIN ,8
KAYSIE ,8
KELEIGH ,8
KELLY-MARIE ,8
KERRIS ,8
KHADEEJA ,8
KLAUDIA ,8
KRISTIE ,8
KRISTINE ,8
KULSUM ,8
KYMBERLEY ,8
LAILAH ,8
LATAYA ,8
LEXUS ,8
LIABA ,8
LILIANNA ,8
LILLI-MAE ,8
LILLY-ROSE ,8
LILY-ELLA ,8
LOTTI ,8
LOURDES ,8
LOWENNA ,8
LUCA ,8
MADALYN ,8
MAHAM ,8
MAHMUDA ,8
MANROOP ,8
MARIELLE ,8
MARIKA ,8
MARTINE ,8
MARY-KATE ,8
MAUD ,8
MAYSA ,8
MCKENNA ,8
MEDINA ,8
MEESHA ,8
MEGHNA ,8
MELIKA ,8
MELISHA ,8
MELITA ,8
MERIEM ,8
MICHA ,8
MIRA ,8
MONISHA ,8
MYIA ,8
MYRA ,8
NABEELA ,8
NAFEESAH ,8
NAZAR ,8
NEISHA ,8
NIDHI ,8
NIKHITA ,8
NOLA ,8
NON ,8
NURIA ,8
OLAMIDE ,8
OLUWANIFEMI ,8
OLUWASEYI ,8
ORLI ,8
PALOMA ,8
PANDORA ,8
PARI ,8
PATSY ,8
RABIAH ,8
RACHELLE ,8
RAINA ,8
RAMANDEEP ,8
RANEEM ,8
RAVEENA ,8
RAYAAN ,8
REEMA ,8
REEYA ,8
RHYANNA ,8
RICHELLE ,8
RIMA ,8
RINA ,8
RIVER ,8
ROJDA ,8
RONNIE ,8
ROXANNA ,8
RUKHSAR ,8
RUMAISA ,8
RUMAYSAH ,8
RYLEIGH ,8
RYLIE ,8
SABEEHA ,8
SABINE ,8
SAFFIYA ,8
SAHANA ,8
SAIMAH ,8
SAJIDA ,8
SAKURA ,8
SALEENA ,8
SAMREEN ,8
SANNAH ,8
SARAH-JAYNE ,8
SCARLETTE ,8
SCOUT ,8
SHABNAM ,8
SHAH ,8
SHAHAD ,8
SHAHANA ,8
SHAINA ,8
SHAKILA ,8
SHAMAILA ,8
SHANNAY ,8
SHANNEN ,8
SHANTAE ,8
SHEA ,8
SHEKINAH ,8
SHYANN ,8
SIYA ,8
SOPHIYA ,8
SUHANI ,8
SUNDUS ,8
TAIBAH ,8
TAKARA ,8
TATE ,8
TELERI ,8
TEMILOLUWA ,8
THANDIWE ,8
THIA ,8
TIA-LOUISE ,8
TIAHNA ,8
TIGER ,8
TILDA ,8
TILLEY ,8
UROOJ ,8
URVI ,8
VERA ,8
VIOLA ,8
YAREN ,8
YSABELLE ,8
ZAIRA ,8
ZARINA ,8
ZELAL ,8
ZUZANNA ,8
ADEENA ,7
ADNA ,7
AFIYAH ,7
AFRAH ,7
AFREEN ,7
AHLAM ,7
AIMAN ,7
AIMEE-LEE ,7
ALAA ,7
ALANI ,7
ALANTA ,7
ALEIGHA ,7
ALETHEA ,7
ALEXUS ,7
ALIMAH ,7
ALIYSHA ,7
AMEENAH ,7
ANFAL ,7
ANGELIKA ,7
ANGELINE ,7
ANI ,7
ANNALEISE ,7
ANNAM ,7
ANNEKA ,7
ANNMARIE ,7
AREESHA ,7
ARIBA ,7
ASSIA ,7
BERRIE ,7
BESSIE ,7
BETSAN ,7
BOE ,7
BONNY ,7
BRANWEN ,7
BRYHER ,7
CAITLAIN ,7
CHERELLE ,7
CHERIE ,7
CHLOE-MARIE ,7
CHLOIE ,7
CHRISTIANNA ,7
COLLETTE ,7
COSIMA ,7
CRISTAL ,7
DEANNE ,7
DIONE ,7
DORCAS ,7
DORIS ,7
DOROTHEA ,7
ECEM ,7
EIMEAR ,7
ELENOR ,7
ELLA-GRACE ,7
ELLAMAE ,7
ELLICIA ,7
ELLISSA ,7
ELORA ,7
EMELINE ,7
EMILY-MAY ,7
EMMELIA ,7
ESMERALDA ,7
ESTERA ,7
EVELINA ,7
FAE ,7
FAISA ,7
FANTASIA ,7
FARIA ,7
FARIDA ,7
FARIHAH ,7
FARREN ,7
FIONNUALA ,7
FIRDAWS ,7
FIRDOUS ,7
FOZIA ,7
FRANCHESCA ,7
GEORGA ,7
GITTY ,7
GLORY ,7
GRACIA ,7
GRACIE-MAY ,7
GRACY ,7
GWENNAN ,7
HANI ,7
HAYA ,7
HEMA ,7
HIBBA ,7
HUMAIRAH ,7
HUSNAA ,7
IFEOMA ,7
IFFAT ,7
IKRAN ,7
ILHAN ,7
ISSABELLA ,7
ITALIA ,7
IZZA ,7
IZZABELLE ,7
JADIE ,7
JAINABA ,7
JANAY ,7
JANICE ,7
JASKIRAN ,7
JASMEET ,7
JAVINE ,7
JAY ,7
JEANA ,7
JENNI ,7
JOELLA ,7
JUMANA ,7
KADI ,7
KALLI ,7
KARENA ,7
KARLIE ,7
KASSIA ,7
KASSIE ,7
KATIE-JANE ,7
KAYTLYN ,7
KAZIA ,7
KEELA ,7
KEHINDE ,7
KENDAL ,7
KENZI ,7
KESIA ,7
KIAYA ,7
KIERA-LEIGH ,7
KIZZIE ,7
KODY ,7
KORA ,7
LADY ,7
LAMYA ,7
LATESHA ,7
LAVANYA ,7
LAYLAH ,7
LEANN ,7
LIAH ,7
LILLIA ,7
LILLIANNA ,7
LILLIE-MAI ,7
LILLY-ANN ,7
LISA-MARIE ,7
LISAMARIE ,7
LISHA ,7
LORA ,7
LUCHIA ,7
LUCY-ANN ,7
LYNETTE ,7
MADDYSON ,7
MADELENE ,7
MAHDIYA ,7
MAHFUZA ,7
MAHIRAH ,7
MAHRUKH ,7
MAIDA ,7
MAKENNA ,7
MALIA ,7
MALLORY ,7
MANDEEP ,7
MANUELLA ,7
MCKAYLA ,7
MEGHA ,7
MELIS ,7
MEMPHIS ,7
MENA ,7
MESHA ,7
MILANA ,7
MINAL ,7
MOMINA ,7
MYFANWY ,7
NABEEHA ,7
NADIYA ,7
NADYA ,7
NAIA ,7
NAILAH ,7
NAIOMI ,7
NAJAH ,7
NASIMA ,7
NASREEN ,7
NATHANIA ,7
NAVEEN ,7
NEENA ,7
NERYS ,7
NICKY ,7
NIMA ,7
OLUWATAMILORE ,7
OLUWATOBI ,7
ORLAITH ,7
PEYTON ,7
PHOEBIE ,7
POOJA ,7
PORCHA ,7
POSY ,7
PRIMROSE ,7
PRIYAL ,7
PRUDENCE ,7
RACHEAL ,7
RAFIA ,7
RAHEEMA ,7
RAMISA ,7
RANI ,7
RANYA ,7
RAYNE ,7
REANN ,7
REBEKA ,7
REBEKKA ,7
REINA ,7
RESHMA ,7
RHIANWEN ,7
RISHIKA ,7
RITHIKA ,7
RIYAN ,7
RODA ,7
RONA ,7
ROSAMUND ,7
ROSEMARIE ,7
RUVARASHE ,7
RUVIMBO ,7
RYM ,7
SAALIHA ,7
SABIHAH ,7
SABREEN ,7
SAFFAH ,7
SALIHAH ,7
SAM ,7
SARON ,7
SAVERA ,7
SEHR ,7
SERINE ,7
SHAMARA ,7
SHANAI ,7
SHANELL ,7
SHANIAH ,7
SHANIE ,7
SHANNA ,7
SHANTAY ,7
SHAUNNA ,7
SHAYE ,7
SHENICE ,7
SHERISE ,7
SHERRY ,7
SIWAN ,7
SOBIA ,7
SOFIYA ,7
SONALI ,7
SOPHIE-MARIE ,7
SOPHY ,7
STEFANIE ,7
SUNAINA ,7
TAI ,7
TAILA ,7
TALISHA ,7
TALIYA ,7
TALLULA ,7
TANAKA ,7
TANESHA ,7
TANIKA ,7
TEANNA ,7
THELMA ,7
TILLY-MAY ,7
TINOTENDA ,7
TOLULOPE ,7
TYANA ,7
TYANNA ,7
TYANNE ,7
UMAMAH ,7
WAHIDA ,7
WARDA ,7
ZADIE ,7
ZAHIRAH ,7
ZAIBA ,7
ZAMZAM ,7
ZHANE ,7
ZINNIA ,7
ZUNAIRAH ,7
A'ISHAH ,6
ABBYGAIL ,6
ABIA ,6
ABIDAH ,6
ABRAR ,6
ADELA ,6
ADELLE ,6
ADI ,6
AFIFAH ,6
AFRA ,6
AGNESA ,6
AILEEN ,6
AISHWARYA ,6
AISYAH ,6
ALEA ,6
ALEXIE ,6
ALICJA ,6
ALIS ,6
ALISHYA ,6
ALLISON ,6
ALVINA ,6
AMAAL ,6
AMAARAH ,6
AMALA ,6
AMBIA ,6
AMBRIN ,6
AMELLIA ,6
AMIYA ,6
AMRAN ,6
AMREETA ,6
ANIELA ,6
ANJUM ,6
ANMOL ,6
ANNELI ,6
AROUSH ,6
ARYANA ,6
ASHLING ,6
ASYA ,6
ATHINA ,6
AVLEEN ,6
AYAAN ,6
AYANA ,6
AYEESHA ,6
AYLIN ,6
BAILEIGH ,6
BAILIE ,6
BAREERAH ,6
BAY ,6
BECKI ,6
BERRY ,6
BEVERLY ,6
BEYZA ,6
BHAKTI ,6
BILLIEJO ,6
BINTA ,6
BOBBIE-JO ,6
BRIDEY ,6
BRIDGETTE ,6
BRONAGH ,6
BRUNA ,6
CADIE ,6
CAITIE ,6
CALYPSO ,6
CARRIS ,6
CASSEY ,6
CECILE ,6
CEYDA ,6
CHANDNI ,6
CHARISSE ,6
CHARITY ,6
CHARLA ,6
CHE ,6
CHELSI ,6
CHIDERA ,6
CHIOMA ,6
CHLOE-ANNE ,6
CHLOE-LOUISE ,6
CIENNA ,6
CLARISSE ,6
CLEMENCE ,6
COREY ,6
DARA ,6
DEE ,6
DELANEY ,6
DEMELZA ,6
DEMIE ,6
DEMILEE ,6
DEMMI ,6
DENNI ,6
DENVER ,6
DEONNE ,6
DESIRE ,6
DEVORAH ,6
DHRUVI ,6
DIAMOND ,6
DOLORES ,6
DONA ,6
DONIA ,6
EASHA ,6
EBONNIE ,6
EBUNOLUWA ,6
EFFIE ,6
EIRA ,6
EIRINN ,6
ELAIN ,6
ELECTRA ,6
ELIYAH ,6
ELIZ ,6
ELLA-MAI ,6
ELLAMAY ,6
ELLANA ,6
ELLE-LOUISE ,6
ELLE-MAI ,6
ELLEMAY ,6
ELLEY ,6
ELLIE-JADE ,6
ELLINOR ,6
ELOUISA ,6
ELSBETH ,6
ELVIE ,6
EMANUELA ,6
EMEL ,6
EMMA-ROSE ,6
EMMANUELLE ,6
EVI ,6
EZME ,6
FAAIZA ,6
FABIENNE ,6
FADUMA ,6
FAHEEMAH ,6
FATOUMATA ,6
FAWZIA ,6
FEDERICA ,6
FERNE ,6
FFLUR ,6
FILIPA ,6
FILSAN ,6
GEORGE ,6
GEORGIA-LEIGH ,6
GIFTY ,6
GIGI ,6
GLESNI ,6
GWENDOLYN ,6
HAADIYAH ,6
HALI ,6
HARMEET ,6
HARSIMRAN ,6
HAVIN ,6
HAWWAA ,6
HAYLIE ,6
HELENE ,6
HELOISE ,6
HERMELA ,6
HIBAQ ,6
HUMNA ,6
IEVA ,6
ILONA ,6
INARA ,6
INAS ,6
INDI ,6
INEZ ,6
ISHANI ,6
ISOLDE ,6
IZABELL ,6
JACINTA ,6
JACKIE ,6
JADESOLA ,6
JAE ,6
JAI ,6
JAIDEN ,6
JAMEELA ,6
JANVI ,6
JASMINDER ,6
JAYCIE ,6
JAYE ,6
JEANIE ,6
JEANNIE ,6
JESICA ,6
JESSI ,6
JOAN ,6
JOLEY ,6
JUSTICE ,6
JUWAIRIYYAH ,6
KAITLEN ,6
KALEY ,6
KALISE ,6
KAMARA ,6
KAMILE ,6
KARDELEN ,6
KAREEMA ,6
KARLEY ,6
KARLY ,6
KARRIS ,6
KATARZYNA ,6
KATIE-MAE ,6
KATIE-MARIE ,6
KATJA ,6
KATLIN ,6
KAVIYA ,6
KAVYA ,6
KAYCE ,6
KAYCEY ,6
KAYDEN ,6
KAYLEIGH-ANN ,6
KEANNA ,6
KELCEY ,6
KELLY-ANN ,6
KEONA ,6
KERRY-ANN ,6
KERRY-ANNE ,6
KEYLEIGH ,6
KHALISA ,6
KIREN ,6
KRISHNA ,6
KULSOOM ,6
KYANA ,6
KYARA ,6
LADAN ,6
LAKSHMI ,6
LAMEES ,6
LEASHA ,6
LEISHA ,6
LIANNE ,6
LILLY-ANNE ,6
LILLY-MAI ,6
LILY-BETH ,6
LILY-GRACE ,6
LILYELLA ,6
LIVVY ,6
LIZ ,6
LORELEI ,6
LUCY-ANNE ,6
LUCY-JO ,6
MADEHA ,6
MADELIN ,6
MADILYN ,6
MADINA ,6
MADISON-LEIGH ,6
MAHISHA ,6
MAICIE ,6
MANHA ,6
MANSI ,6
MARISHA ,6
MARY-ANN ,6
MARYANN ,6
MARYUM ,6
MASIE ,6
MAXINE ,6
MAYESHA ,6
MAYSOON ,6
MAZIE ,6
MEAGHAN ,6
MEDI ,6
MEISHA ,6
MELANY ,6
MICAELA ,6
MICHAL ,6
MILLIE-ANNE ,6
MILLIE-ROSE ,6
MIRI ,6
MISKI ,6
MOLI ,6
MOLLY-MAE ,6
MORGANA ,6
MORGANE ,6
MORGEN ,6
MUMINA ,6
MUMTAZ ,6
MUNIBAH ,6
NABEELAH ,6
NADIRAH ,6
NAIYA ,6
NAJIBAH ,6
NATASJA ,6
NAYA ,6
NAZMA ,6
NEDA ,6
NEVA ,6
NICHOLA ,6
NICOLLE ,6
NIKISHA ,6
NIMCO ,6
NOURA ,6
NUSAYBA ,6
NYSSA ,6
ODETTE ,6
OLGA ,6
OLIWIA ,6
OLLIE ,6
OLUWATONI ,6
OPAL ,6
OYINDAMOLA ,6
OYINKANSOLA ,6
PAULINE ,6
PHILOMENA ,6
PORSCHE ,6
PREET ,6
PRESLEY ,6
QUEENIE ,6
RADEYAH ,6
RAHEELA ,6
RAJPREET ,6
RAPHAELLA ,6
RAVNEET ,6
REAH ,6
RENA ,6
RHONA ,6
RIDAH ,6
RIDHA ,6
ROMANIE ,6
ROMIE ,6
RONI ,6
ROWEN ,6
ROXIE ,6
ROZERIN ,6
ROZINA ,6
RUBY-MAY ,6
RUHI ,6
RUTENDO ,6
RUWEYDA ,6
SAADIA ,6
SABRIN ,6
SAEEDA ,6
SAFFIYAH ,6
SAFINA ,6
SAHIBA ,6
SAIBA ,6
SAMA ,6
SAMAIRA ,6
SAMEENA ,6
SAMEERAH ,6
SAMYA ,6
SEEMA ,6
SERENE ,6
SERINA ,6
SHAHIDA ,6
SHAMISO ,6
SHAMSA ,6
SHANEL ,6
SHANEY ,6
SHANIKA ,6
SHANNEL ,6
SHARN ,6
SHAWNA ,6
SHAYLEIGH ,6
SHEIK ,6
SHEILA ,6
SHEREEN ,6
SHIRIN ,6
SHOSHANA ,6
SIANNA ,6
SIMAR ,6
SIMONA ,6
SOPHIE-ANNE ,6
SORREL ,6
STEFANIA ,6
SUMAIRA ,6
SUMAN ,6
SUZIE ,6
TABASSUM ,6
TAHANI ,6
TAIWO ,6
TAMEKA ,6
TANJINA ,6
TANYARADZWA ,6
TASIA ,6
TATIYANA ,6
TEGEN ,6
TERRI-ANNE ,6
THERESE ,6
TIANNAH ,6
TIANNE ,6
TIGERLILY ,6
TILLIE-MAE ,6
TOBY ,6
TRIXIE ,6
VAIDEHI ,6
VARSHA ,6
VENETIA ,6
VERONA ,6
VERONIKA ,6
VIDHI ,6
VIKKI ,6
YAZMINE ,6
YI ,6
YITTY ,6
ZAFIRAH ,6
ZAHARA ,6
ZAKIYA ,6
ZANA ,6
ZELDA ,6
ZETA ,6
ZI ,6
ZILAN ,6
ZOBIA ,6
AAMENA ,5
AAMILAH ,5
AARIFAH ,5
AARYA ,5
AAYAH ,5
ABBIE-LOUISE ,5
ABIE ,5
ABIR ,5
ABIRAMI ,5
ADANNA ,5
ADEOLA ,5
ADWOA ,5
AFEEFAH ,5
AFSHA ,5
AIKO ,5
AILA ,5
AIMA ,5
AIMEN ,5
AIZAH ,5
AKILAH ,5
AKLIMA ,5
ALASKA ,5
ALAYAH ,5
ALBINA ,5
ALEEHA ,5
ALEJANDRA ,5
ALEXANDREA ,5
ALIFA ,5
ALIHA ,5
ALINAH ,5
ALISHABA ,5
ALLEAH ,5
AMA ,5
AMABEL ,5
AMAIA ,5
AMAR ,5
AMARNI ,5
AMBERLEY ,5
AMEE ,5
AMEYA ,5
AMORE ,5
AMREEN ,5
AMY-JANE ,5
AMY-ROSE ,5
ANAYAH ,5
ANDREIA ,5
ANESHA ,5
ANGELI ,5
ANGIE ,5
ANH ,5
ANICA ,5
ANILA ,5
ANJOLAOLUWA ,5
ANNA-LOUISE ,5
ANNAIS ,5
ANNALISA ,5
ANNETTE ,5
ANOOSHA ,5
ARIANWEN ,5
ARIYA ,5
ARMARNI ,5
AROOB ,5
ARSHIA ,5
ARSHIYA ,5
ASHIA ,5
ASHLEEN ,5
ASHVINI ,5
AUSTEJA ,5
AYUSHI ,5
AZARIA ,5
BECKIE ,5
BERIL ,5
BETHANEY ,5
BETHEL ,5
BETHIA ,5
BILAN ,5
BINTU ,5
BLANCHE ,5
BREANNE ,5
BREE ,5
BREEZE ,5
BRENNA ,5
BRIANNE ,5
BRIANY ,5
BUSRA ,5
CADY ,5
CAELAN ,5
CALEIGH ,5
CALI ,5
CALISE ,5
CALLA ,5
CALLIA ,5
CAMILA ,5
CAMRYN ,5
CEINWEN ,5
CHARISMA ,5
CHARLEA ,5
CHARLEEN ,5
CHARLIE-ANN ,5
CHENELLE ,5
CHENILLE ,5
CHENISE ,5
CHI ,5
CHIKA ,5
CHISOM ,5
CHRISTABELLE ,5
CIANA ,5
CLIONA ,5
CORALIE ,5
CORINA ,5
CORINNA ,5
CRESSIDA ,5
CYRA ,5
DAISY-MAI ,5
DALLAS ,5
DAMARIS ,5
DAMLA ,5
DANAI ,5
DANISHA ,5
DARBY ,5
DASHA ,5
DEEMA ,5
DEMI-MARIE ,5
DHARMA ,5
DHIYA ,5
DHRUTI ,5
DIAZ ,5
DINAH ,5
DORSA ,5
DUA ,5
DUHA ,5
DUYGU ,5
EDWINA ,5
EILIS ,5
ELEISHA ,5
ELEKTRA ,5
ELEONOR ,5
ELFIE ,5
ELIANNA ,5
ELICE ,5
ELIS ,5
ELISKA ,5
ELKE ,5
ELLAH ,5
ELLECIA ,5
ELLIOT ,5
ELLISA ,5
ELLISIA ,5
ELLIW ,5
ELLYN ,5
ELMA ,5
ELONA ,5
ELYSHIA ,5
EMBER ,5
EMELIE ,5
EMILY-JAYNE ,5
EMMA-JANE ,5
EMPRESS ,5
EREN ,5
ERIS ,5
ERRIN ,5
ESHAA ,5
ESTA ,5
ESTELA ,5
ETIENNE ,5
FAHEEMA ,5
FAJR ,5
FALAQ ,5
FAREEHA ,5
FARIDAH ,5
FATHEMA ,5
FATMATA ,5
FINTY ,5
FIZAH ,5
FRANCISCA ,5
GEENA ,5
GENEVA ,5
GISELE ,5
GITTEL ,5
GRAINNE ,5
GWENAN ,5
GWYNETH ,5
HAADIYA ,5
HAAJARAH ,5
HAAJIRAH ,5
HABEEBA ,5
HADEEQA ,5
HADIYA ,5
HAIQA ,5
HAJA ,5
HAJERA ,5
HAJIRA ,5
HANEEN ,5
HANIN ,5
HARMONI ,5
HARRIOT ,5
HASEEBA ,5
HEERA ,5
HIRRA ,5
HOLLY-MAE ,5
HONOUR ,5
HOORIYA ,5
IMANE ,5
IMOGENE ,5
IQRAH ,5
IREM ,5
ISATOU ,5
ISHAA ,5
ISOBELL ,5
ISSEY ,5
IZZABELL ,5
JAMIE- ,5
JAMIMA ,5
JANNATUL ,5
JASDEEP ,5
JASVINDER ,5
JAYAH ,5
JAYCEE ,5
JAYLEIGH ,5
JAYMIE ,5
JEANNE ,5
JEEYA ,5
JESSAMY ,5
JEWEL ,5
JEYDA ,5
JODIE-LEE ,5
JONELLE ,5
JORDANA ,5
JORGIA ,5
JOSCELYN ,5
JOSS ,5
JUMAIMAH ,5
KA ,5
KADENCE ,5
KADEY ,5
KAJA ,5
KAJOL ,5
KALILA ,5
KARMA ,5
KATHLYN ,5
KATHRINE ,5
KATI ,5
KATIE- ,5
KATIE-LEE ,5
KATRIN ,5
KAYCIE ,5
KAYLI ,5
KEERTHANA ,5
KEESHA ,5
KEILEIGH ,5
KEILEY ,5
KEIRAH ,5
KELECHI ,5
KELSEY-LEIGH ,5
KENNA ,5
KENSA ,5
KERENSA ,5
KERRYANN ,5
KHATIJA ,5
KIERSTEN ,5
KIMAYA ,5
KISHA ,5
KIYAH ,5
KRISTY ,5
KYANN ,5
LAAIBA ,5
LACEY-MAE ,5
LACY ,5
LAINA ,5
LAINI ,5
LAMIA ,5
LATASHA ,5
LAURAN ,5
LAURENE ,5
LAYYAH ,5
LELA ,5
LEMA ,5
LENKA ,5
LEONE ,5
LEONNIE ,5
LIANE ,5
LIESL ,5
LILLA ,5
LILLIANA ,5
LILLIE-MAY ,5
LILLY- ,5
LILY-JO ,5
LILYMAE ,5
LILYMAY ,5
LISETTE ,5
LITA ,5
LIVI ,5
LIZZY ,5
LLIO ,5
LOLITA ,5
LOREDANA ,5
LORELLE ,5
LOTTY ,5
LOUIZA ,5
LOULOU ,5
LUCIENNE ,5
LUCRETIA ,5
LUCY-JANE ,5
LUIZA ,5
LYNDSEY ,5
MACY-JANE ,5
MADDALENA ,5
MADINAH ,5
MAEVA ,5
MAHUM ,5
MAICEY ,5
MAIZEY ,5
MAKALA ,5
MALEEHAH ,5
MALEEKA ,5
MALEEKAH ,5
MANA ,5
MANAAL ,5
MARGAUX ,5
MARILYN ,5
MARIN ,5
MARJANA ,5
MARLA ,5
MARLEE ,5
MARRIYAH ,5
MARTYNA ,5
MARY-LOUISE ,5
MARZANA ,5
MAUREEN ,5
MAYMUNA ,5
MEHA ,5
MEHGAN ,5
MEHNAZ ,5
MELLISA ,5
MELLISSA ,5
MERCEDEZ ,5
MEVISH ,5
MIA-LOUISE ,5
MICHEALA ,5
MIKALA ,5
MILISSA ,5
MILLIE-MAI ,5
MINAHIL ,5
MIRABELLE ,5
MOBEEN ,5
MOHIMA ,5
MOLLIE-JO ,5
MOLLY-ANNE ,5
MOMINAH ,5
MORGAN-LEIGH ,5
MOTUNRAYO ,5
MURSAL ,5
MUSAMMAT ,5
MY ,5
NAA ,5
NALA ,5
NAZISH ,5
NEESHA ,5
NESRINE ,5
NICOL ,5
NIESHA ,5
NIHA ,5
NISHI ,5
NITYA ,5
NIYA ,5
NNEKA ,5
NOEMIE ,5
NOREEN ,5
NOSHEEN ,5
NURUL ,5
NUSRATH ,5
OCTAVIA ,5
OGECHI ,5
OLUWAMAYOWA ,5
OLUWASEMILORE ,5
OLUWATENIOLA ,5
OPEYEMI ,5
PAGAN ,5
PAGE ,5
PANASHE ,5
PAOLA ,5
PARINA ,5
PASCALE ,5
PAVNEET ,5
PAYAL ,5
PAYTON ,5
PERDITA ,5
PREETI ,5
PREEYA ,5
PRIA ,5
PUNEET ,5
RADIYA ,5
RAFFAELLA ,5
RAHAF ,5
RAHEEMAH ,5
RAIA ,5
RANDA ,5
RANIYA ,5
RAYANNE ,5
RAYNA ,5
RAYYAN ,5
REECE ,5
RENAI ,5
RIANNON ,5
RIHANA ,5
RIONA ,5
RIZWANA ,5
ROHAN ,5
ROMEY ,5
ROSABELLA ,5
ROSALYN ,5
ROSEANNE ,5
ROSELLA ,5
ROZA ,5
RUBEE ,5
RUFAIDAH ,5
RUKSAR ,5
RUQAIYAH ,5
SAAMIA ,5
SABIA ,5
SABRINE ,5
SADIAH ,5
SADIKA ,5
SADIQAH ,5
SAFFIRE ,5
SAFIRA ,5
SAGE ,5
SAI ,5
SAIBAH ,5
SAJIDAH ,5
SALSABEEL ,5
SAMERA ,5
SAMMIE ,5
SANCHIA ,5
SANDEEP ,5
SARENA ,5
SARITA ,5
SAYMA ,5
SAYNAB ,5
SEO ,5
SERA ,5
SERAFINA ,5
SHAAKIRAH ,5
SHABANA ,5
SHAHARA ,5
SHAIMAA ,5
SHAKIA ,5
SHAMA ,5
SHAMILA ,5
SHAN ,5
SHANIECE ,5
SHANISE ,5
SHANNON-LEIGH ,5
SHANZA ,5
SHARDAE ,5
SHARDONAY ,5
SHARDONNAY ,5
SHARIFA ,5
SHARMAINE ,5
SHARNI ,5
SHAYA ,5
SHAZIA ,5
SHELBIE ,5
SHELLBY ,5
SHENAY ,5
SHI ,5
SHIANN ,5
SI ,5
SIERRA ,5
SIMA ,5
SIMGE ,5
SIMREN ,5
SKIE ,5
SOFI ,5
SOMAYA ,5
SONA ,5
SRISHTI ,5
STEFFI ,5
SUHAILA ,5
SUMIA ,5
SUMMAR ,5
SUMMAYA ,5
SUZAN ,5
SUZI ,5
TAHIA ,5
TAMIMA ,5
TAMIYA ,5
TAMMI ,5
TANATSWA ,5
TANEISHA ,5
TANIESHA ,5
TANVEER ,5
TANZIA ,5
TARIN ,5
TARRYN ,5
TASFIA ,5
TAWANA ,5
TAYIBA ,5
TAYLAH ,5
TAYYIBA ,5
TEISHA ,5
TEODORA ,5
TEONA ,5
THAMINA ,5
THEADORA ,5
TIA-ROSE ,5
TOPAZ ,5
TORRIE ,5
TRISHNA ,5
UMAIMA ,5
UMAMA ,5
UMARAH ,5
UNAYSAH ,5
URWAH ,5
VELVET ,5
VICKI ,5
VIKTORIA ,5
VITA ,5
WAFA ,5
YE ,5
YELIZ ,5
YOUSRA ,5
ZAKIYYAH ,5
ZARIN ,5
ZAYNUB ,5
ZIPPORAH ,5
ZORA ,5
ZUNAIRA ,5
A'ISHA ,4
AALAYAH ,4
AAMNAH ,4
AARUSHI ,4
AASHA ,4
AASHNI ,4
AASIYA ,4
AASTHA ,4
AATIKAH ,4
AAYSHA ,4
ABBYGALE ,4
ABINAYA ,4
ABISHA ,4
ABISOLA ,4
ABRIL ,4
ACELYA ,4
ADAMA ,4
ADAORA ,4
ADARA ,4
ADEBOLA ,4
ADELINE ,4
ADENIKE ,4
ADERINSOLA ,4
ADERONKE ,4
ADESOLA ,4
ADILA ,4
ADILAH ,4
ADORA ,4
AFIA ,4
AFNAN ,4
AFRINA ,4
AIME ,4
AISLIN ,4
AJI ,4
AKANKSHA ,4
AKIFAH ,4
AKSHITA ,4
ALAHNA ,4
ALBANY ,4
ALBERTA ,4
ALEENAH ,4
ALEEZAH ,4
ALFIE ,4
ALIANA ,4
ALIZAH ,4
ALLICIA ,4
ALLYSHA ,4
ALLYSSA ,4
ALTINA ,4
ALYA ,4
ALYAH ,4
ALYSA ,4
ALYSE ,4
ALYSON ,4
AMAARA ,4
AMANA ,4
AMARIAH ,4
AMBAR ,4
AMELIA-ROSE ,4
AMENAH ,4
AMETHYST ,4
AMIAH ,4
AMINAT ,4
AMMIE ,4
AMREET ,4
AMUN ,4
AMY-JO ,4
AMY-MAY ,4
AMYE ,4
ANABELLA ,4
ANAIA ,4
ANDREEA ,4
ANDRIANNA ,4
ANESU ,4
ANGE ,4
ANGELIE ,4
ANIQUE ,4
ANJANA ,4
ANNA-MARIE ,4
ANNALESE ,4
ANNEKE ,4
ANNIE-MAE ,4
ANNIS ,4
ANTHEA ,4
ANTIGONE ,4
ANTOINETTE ,4
ANTONELLA ,4
ANTONIETTA ,4
ANUJA ,4
ANUOLUWAPO ,4
AQEELA ,4
ARIAN ,4
ARIEL ,4
ARIFAH ,4
ARINA ,4
ARIZONA ,4
ARMELA ,4
AROOSA ,4
ARPITA ,4
ARSHA ,4
ARTIOLA ,4
ARUB ,4
ASAL ,4
ASEEL ,4
ASHLIN ,4
ASHNI ,4
ASPEN ,4
ASTON ,4
ATALIA ,4
ATHENE ,4
ATIFA ,4
ATIFAH ,4
ATIYAH ,4
ATQIYA ,4
AVITAL ,4
AWENA ,4
AYAA ,4
AYAAT ,4
AYANDA ,4
AYIANA ,4
AYMEN ,4
AYSIA ,4
AZARIAH ,4
AZIZAH ,4
BABY ,4
BARAKAH ,4
BATOOL ,4
BAYLIE ,4
BEBE ,4
BECCA ,4
BEE ,4
BEGW ,4
BESS ,4
BETSI ,4
BETSIE ,4
BETUL ,4
BEULAH ,4
BILLIE-JEAN ,4
BILQIS ,4
BOBBI-LEIGH ,4
BOO ,4
BRADY ,4
BREEYA ,4
BRIANNAH ,4
BRIEANNA ,4
BROCHA ,4
BRYANA ,4
BRYONIE ,4
BURCU ,4
CACEY ,4
CAIT ,4
CAITLAND ,4
CAMELIA ,4
CAREY ,4
CARLENE ,4
CARLOTA ,4
CARMELA ,4
CARMELLA ,4
CAROLYN ,4
CARRIE-ANN ,4
CATELYN ,4
CATHY ,4
CATIE ,4
CECELIA ,4
CELSIE ,4
CERIDWEN ,4
CERISE ,4
CHAE ,4
CHANI ,4
CHANPREET ,4
CHARLIE-MAE ,4
CHARLOTTE-LOUISE ,4
CHAVA ,4
CHELCIE ,4
CHENAI ,4
CHERRIE ,4
CHIA ,4
CHIEDZA ,4
CHINENYE ,4
CHLOE-JANE ,4
CHLOE-LEIGH ,4
CHLOE-MAY ,4
CHRISSIE ,4
CHRISTA ,4
CHYANNE ,4
CIANNA ,4
CIRA ,4
CLEA ,4
CLEMENTINA ,4
CLIODHNA ,4
CORNELIA ,4
COURTNEY-JAYNE ,4
COURTNEY-LOUISE ,4
CUSHLA ,4
CYAN ,4
CYDNIE ,4
DAANIA ,4
DAHLIA ,4
DAISIE-MAE ,4
DAISY-LOU ,4
DALJIT ,4
DAMILOLA ,4
DAPHNA ,4
DARYL ,4
DEANA ,4
DEANDRA ,4
DELARA ,4
DELFINA ,4
DELICIA ,4
DEMI- ,4
DEMI-LOUISE ,4
DENIZ ,4
DESTINEY ,4
DESTINI ,4
DEVIKA ,4
DEVINE ,4
DEYA ,4
DIA ,4
DILPREET ,4
DILYS ,4
DIONA ,4
DUSTY ,4
EAVIE ,4
EBONEY ,4
EBONY-ROSE ,4
EBRU ,4
EIMAN ,4
EITHNE ,4
ELEANOR-ROSE ,4
ELESHA ,4
ELI ,4
ELISHEVA ,4
ELISHIA ,4
ELISSE ,4
ELLA-JANE ,4
ELLANOR ,4
ELLIANA ,4
ELLIE-ANN ,4
ELLIE-GRACE ,4
ELLIESE ,4
ELLINA ,4
ELLISSIA ,4
ELLORA ,4
ELORM ,4
ELUNED ,4
ELVINA ,4
ELVIRA ,4
ELYCIA ,4
EMILY-KATE ,4
EMMA-LEE ,4
EMMA-MARIE ,4
ENOLA ,4
ERA ,4
ERIN-LOUISE ,4
ERJONA ,4
ERYKAH ,4
ESHAAL ,4
ESHANA ,4
ESMIE ,4
ETHEL ,4
ETTA ,4
EUGENIA ,4
EVANGELIA ,4
EVITA ,4
EVY ,4
EZRI ,4
FAATIMA ,4
FADIME ,4
FAHMEDA ,4
FARDOWSA ,4
FAREEDA ,4
FARHIYA ,4
FARIAH ,4
FASEEHA ,4
FATOUMATTA ,4
FAWN ,4
FEBE ,4
FIFI ,4
FINLEA ,4
FINLEIGH ,4
FINOLA ,4
FIORELLA ,4
FIRDAUS ,4
FLO ,4
FOUZIA ,4
FRANCESKA ,4
FRANCESSCA ,4
FRIEDA ,4
GABBY ,4
GAMZE ,4
GEMINI ,4
GENTA ,4
GEORGIA-MAE ,4
GHISLAINE ,4
GIADA ,4
GINNY ,4
GOKCE ,4
GOLDA ,4
GRACE-LOUISE ,4
GRAYCE ,4
GURVEEN ,4
GWENDOLINE ,4
GYPSEY ,4
HAAJRA ,4
HABEEBAH ,4
HADDY ,4
HAFWEN ,4
HAFZAH ,4
HAIDEE ,4
HAJER ,4
HAJIRAH ,4
HALLI ,4
HAMERA ,4
HAMIDAH ,4
HANIYAH ,4
HANNAH-LOUISE ,4
HANNAH-MARIE ,4
HANNAH-MAY ,4
HARISAH ,4
HARMAN ,4
HARPER ,4
HARVEEN ,4
HASEENA ,4
HATTI ,4
HATTY ,4
HAWAA ,4
HAWRA ,4
HAYLEY-JADE ,4
HEAVENLY ,4
HERO ,4
HESSA ,4
HEVIN ,4
HIBO ,4
HIFZA ,4
HIJAB ,4
HILLARY ,4
HIU ,4
HODA ,4
HOLLIE-MAE ,4
HOLLY-ANNE ,4
HONIE ,4
HUI ,4
IARA ,4
IBUKUNOLUWA ,4
IDAL ,4
IFAT ,4
IFFAH ,4
IFZA ,4
ILEANA ,4
ILWAD ,4
IMARA ,4
INA ,4
INAAYAH ,4
INCA ,4
INDIANNA ,4
INDIYA ,4
INDY ,4
INGA ,4
INSHA ,4
IRMA ,4
IRUM ,4
ISIL ,4
ISMAY ,4
ISRAH ,4
IZEL ,4
IZZABEL ,4
IZZI ,4
JACLYN ,4
JADE-MARIE ,4
JAGODA ,4
JAIA ,4
JAIME-LEA ,4
JAIME-LEIGH ,4
JAINA ,4
JAIPREET ,4
JALILA ,4
JAMEY ,4
JAMIE-LEA ,4
JAMIELEE ,4
JANAN ,4
JASMEEN ,4
JAWERIA ,4
JAYNA ,4
JEANETTE ,4
JENAY ,4
JENIN ,4
JESIKA ,4
JESSENIA ,4
JESSICA-MAY ,4
JILLIAN ,4
JING ,4
JOANIE ,4
JOHANNAH ,4
JORDYN ,4
JULIETTA ,4
JUMANAH ,4
JUSTINA ,4
JUWAIRIA ,4
KAAMILAH ,4
KACEY-LEE ,4
KACI-LEIGH ,4
KADIJAH ,4
KAITLYNE ,4
KALLY ,4
KAMESHA ,4
KAMILAH ,4
KANEEZ ,4
KANI ,4
KANIKA ,4
KARI ,4
KARIN ,4
KARISS ,4
KARLEIGH ,4
KATHERINA ,4
KATHY ,4
KATIE-ROSE ,4
KATINKA ,4
KATRINE ,4
KATRIONA ,4
KATY-MAY ,4
KAVINA ,4
KAVISHA ,4
KAWTHAR ,4
KAWTHER ,4
KAYDENCE ,4
KAYE ,4
KAYNAAT ,4
KEANA ,4
KEIRA-LOUISE ,4
KEMI ,4
KERA ,4
KERRYANNE ,4
KHADEJA ,4
KHALILAH ,4
KHAYLA ,4
KHEIRA ,4
KHLOE ,4
KIARRA ,4
KIERAH ,4
KIRANJIT ,4
KIRRA ,4
KIRSTYN ,4
KOREN ,4
KORNELIA ,4
KRINA ,4
KRISHNI ,4
KRYSTINA ,4
KRYSTLE ,4
KRYSTYNA ,4
KYANNA ,4
KYANNE ,4
KYNA ,4
LAELA ,4
LAILAA ,4
LAMARA ,4
LAMORNA ,4
LANIA ,4
LANIE ,4
LARRISSA ,4
LATITIA ,4
LAVINA ,4
LAYAH ,4
LAYLA-MAE ,4
LAYLAA ,4
LAYNA ,4
LEAH-MAE ,4
LEALA ,4
LEANA ,4
LEANDRA ,4
LEEN ,4
LEEYA ,4
LEIGH-ANN ,4
LEIGHANNE ,4
LEMUELLA ,4
LENE ,4
LENI ,4
LEONORA ,4
LETTIE ,4
LEVANA ,4
LEYAH ,4
LIABAH ,4
LIBA ,4
LIBBY- ,4
LIBBY-MAE ,4
LIBERTIE ,4
LICIA ,4
LILAC ,4
LILI-MAE ,4
LILLI-MAY ,4
LILLI-ROSE ,4
LILLIE-ROSE ,4
LILY-ANNA ,4
LILY-JEAN ,4
LINNEA ,4
LINZI ,4
LIVLEEN ,4
LIVVIE ,4
LIYBA ,4
LOLA-ROSE ,4
LOUELLA ,4
LUCCA ,4
LUCIANNA ,4
LUCIANNE ,4
LUCY- ,4
LUCY-MAY ,4
LUKA ,4
LYNA ,4
LYNNE ,4
LYNSEY ,4
MAAYA ,4
MACKENNA ,4
MADALENA ,4
MADELYNE ,4
MADISSON ,4
MADIYA ,4
MAESHA ,4
MAGDALENE ,4
MAGEN ,4
MAGENTA ,4
MAHAK ,4
MAHALIA ,4
MAHBUBA ,4
MAHIYA ,4
MAHREEN ,4
MAIMOONA ,4
MAIRI ,4
MALA ,4
MALIAKA ,4
MALKY ,4
MALYKA ,4
MANVEEN ,4
MANVEER ,4
MARGED ,4
MARGO ,4
MARGUERITA ,4
MARLENA ,4
MARY-ANNE ,4
MARY-JAYNE ,4
MARYEM ,4
MARZIA ,4
MATHURA ,4
MATILDE ,4
MAUDE ,4
MAYZIE ,4
MEHRIN ,4
MELTEM ,4
MERIAM ,4
MERLE ,4
MHAIRI ,4
MIA-JANE ,4
MICAH ,4
MICAYLA ,4
MIESHA ,4
MIKI ,4
MILLE ,4
MILLEE ,4
MILLIE- ,4
MILLIE-ANN ,4
MILLIE-BETH ,4
MINHA ,4
MIRACLE ,4
MIRELLA ,4
MIREN ,4
MISSI ,4
MOHINI ,4
MOIRA ,4
MOLLY-JO ,4
MOLLYANN ,4
MORENIKE ,4
MUFARO ,4
MYER ,4
MYIAH ,4
MYRTLE ,4
NADEERA ,4
NADRA ,4
NAEEMAH ,4
NAEMA ,4
NAISHA ,4
NAJWA ,4
NANDI ,4
NASHITA ,4
NASTEHO ,4
NATANIA ,4
NATASHAH ,4
NATAYA ,4
NATHALIA ,4
NAVJOT ,4
NAVLEEN ,4
NAYAAB ,4
NAZ ,4
NEHAL ,4
NENEH ,4
NEVAYA ,4
NGOZI ,4
NIHAL ,4
NIKA ,4
NIKI ,4
NIKOLE ,4
NIMAH ,4
NIOBE ,4
NIRVANA ,4
NISHATH ,4
NKECHI ,4
NOELLA ,4
NOEMI ,4
NONA ,4
NUZHAT ,4
NYREE ,4
OCEA ,4
OCEANE ,4
OLENA ,4
OLOLADE ,4
OLUWADEMILADE ,4
OLUWASEUN ,4
OLUWATIMILEHIN ,4
OLUWATOBILOBA ,4
OLUWATOSIN ,4
OLUWATOYIN ,4
OZIOMA ,4
PARADISE ,4
PARMEET ,4
PARMIS ,4
PATRYCJA ,4
PELIN ,4
PIYA ,4
POPPY-ROSE ,4
PRAISE ,4
PYPER ,4
RADHA ,4
RAHELA ,4
RAIYA ,4
RAJVEER ,4
RAMEEN ,4
RAMEESA ,4
RAMEESAH ,4
RAMEESHA ,4
RAMISHA ,4
RAMNEEK ,4
RAMONA ,4
RAMSHA ,4
RAMYA ,4
RASHA ,4
RAVEEN ,4
RAVINDER ,4
RAYAH ,4
RAZIA ,4
REBBECA ,4
REEHA ,4
REISY ,4
REMAE ,4
REMIE ,4
RENATA ,4
REO ,4
RETAJ ,4
REZWANA ,4
RHEANNE ,4
RHEMA ,4
RHODA ,4
RHYANNON ,4
RIAN ,4
RIMSHAH ,4
ROCHEL ,4
ROHANNA ,4
ROSANNE ,4
ROSE-MARIE ,4
ROSHAN ,4
ROSIE-MAE ,4
ROSIE-MAY ,4
ROWANNE ,4
RUKAIYA ,4
RUMER ,4
RUMEYSA ,4
RUPINDER ,4
RUQAIYA ,4
RUYA ,4
RYLEE ,4
RYLEY ,4
SAAMIYA ,4
SABHA ,4
SABIRIN ,4
SADHBH ,4
SAFEENA ,4
SAFEERAH ,4
SAFFIA ,4
SAFIYE ,4
SAFIYYA ,4
SAIFA ,4
SAJEDA ,4
SAKEENA ,4
SAKSHI ,4
SALIMA ,4
SALMAH ,4
SALOME ,4
SAMEEN ,4
SAMIHAH ,4
SANCIA ,4
SANJIDAH ,4
SARISH ,4
SARRA ,4
SARRINAH ,4
SAVERAH ,4
SAWERA ,4
SAXON ,4
SCARLET-ROSE ,4
SEANA ,4
SEDEF ,4
SELENE ,4
SELINAY ,4
SENA ,4
SERAN ,4
SERENNA ,4
SEVGI ,4
SHAHINA ,4
SHAHRIN ,4
SHAKEIRA ,4
SHALINI ,4
SHAMIAH ,4
SHAMIMA ,4
SHANAYE ,4
SHANAZ ,4
SHANEIL ,4
SHANNAH ,4
SHANNON-LOUISE ,4
SHARA ,4
SHARDAY ,4
SHARLEEN ,4
SHARLENE ,4
SHARNAY ,4
SHARNE ,4
SHAUNIE ,4
SHEIKHA ,4
SHEINDEL ,4
SHEINDY ,4
SHELBI ,4
SHEMAIAH ,4
SHEREE ,4
SHEREECE ,4
SHERYL ,4
SHEZA ,4
SHIAN ,4
SHIFRA ,4
SHILOH ,4
SHIMA ,4
SHINEAD ,4
SHIZA ,4
SHREE ,4
SHUMA ,4
SIANI ,4
SIANNE ,4
SIMI ,4
SIMRAT ,4
SIMRUN ,4
SINEM ,4
SKYE-LOUISE ,4
SONAM ,4
SOPHI ,4
SOPHIE-JANE ,4
SOPHIE-MAE ,4
SOPHIE-MAY ,4
SOUMYA ,4
SRUTHI ,4
STEVIE-LEIGH ,4
STORME ,4
SUAAD ,4
SUMAIA ,4
SUMERA ,4
SUMMER-LEIGH ,4
SUMMER-ROSE ,4
SUNDAS ,4
SUNNAH ,4
SURAYAH ,4
SUREYA ,4
SUSANA ,4
SUZANA ,4
SWETHA ,4
SWYN ,4
SYMRAN ,4
TAHMIDA ,4
TAIA ,4
TAIJA ,4
TAITE ,4
TALEAH ,4
TALISA ,4
TALITA ,4
TALLULAH-BELLE ,4
TALULLA ,4
TAMANA ,4
TAMEEKA ,4
TAMINA ,4
TAMISHA ,4
TAMMIN ,4
TANIMA ,4
TANITH ,4
TANIYA ,4
TANJILA ,4
TANWEN ,4
TANZINA ,4
TAPIWA ,4
TARIRO ,4
TASHANA ,4
TASLEEMA ,4
TASMINA ,4
TATENDA ,4
TAVIA ,4
TAWNY ,4
TAYLAR ,4
TAYLIA ,4
TAYLOR- ,4
TAYYABA ,4
TEAL ,4
TEIGHAN ,4
TENIOLA ,4
THAILA ,4
THANDEKA ,4
THU ,4
TIA-LEIGH ,4
TIFFANIE ,4
TIGER-LILY ,4
TIRION ,4
TISHA ,4
TONI-ANNE ,4
TONI-LEIGH ,4
TOOBA ,4
TOYAH ,4
TRUDI ,4
TUANA ,4
TY ,4
TYNE ,4
ULA ,4
UMAIZA ,4
UMIKA ,4
VAISHNAVI ,4
VANIA ,4
VENICE ,4
VICTORY ,4
VIVIANNE ,4
VRINDA ,4
VRITIKA ,4
WAJEEHA ,4
WALLIS ,4
WANIA ,4
WEI ,4
WERONIKA ,4
WILHELMINA ,4
WILLA ,4
WREN ,4
WURAOLA ,4
XIA ,4
YAA ,4
YANIQUE ,4
YASHICA ,4
YELENA ,4
YOCHEVED ,4
YSELLA ,4
YUKI ,4
YUSRAH ,4
ZAHIRA ,4
ZAIMA ,4
ZAKIRAH ,4
ZAREENA ,4
ZARIA ,4
ZAYBA ,4
ZAYNEB ,4
ZEINA ,4
ZEYNAB ,4
ZINEB ,4
ZITA ,4
ZOHAL ,4
ZOLA ,4
ZOYAH ,4
ZUHA ,4
ZULEIKA ,4
ZULEIKHA ,4
AA'ISHA ,3
AAIZA ,3
AALEYAH ,3
AALYAH ,3
AAMIRA ,3
AASIA ,3
AATIKA ,3
ABAIGEAL ,3
ABBEYGALE ,3
ABBIE-ROSE ,3
ABBIGAYLE ,3
ABEER ,3
ABI-LEIGH ,3
ABIGAILE ,3
ABIODUN ,3
ABRA ,3
ADAN ,3
ADDISON ,3
ADEA ,3
ADERYN ,3
ADETOLA ,3
ADIA ,3
ADJOA ,3
ADONIA ,3
ADRIANNE ,3
ADVIKA ,3
AERIN ,3
AESHA ,3
AFAF ,3
AFIYA ,3
AFRAA ,3
AFSAH ,3
AFSHEEN ,3
AGATHE ,3
AGNIESZKA ,3
AHLAAM ,3
AHLAN ,3
AILANI ,3
AILIE ,3
AIMEE- ,3
AIMEE-JO ,3
AIMEE-ROSE ,3
AINA ,3
AINHOA ,3
AIRLIE ,3
AIYA ,3
AKIESHA ,3
AKILA ,3
AKRITI ,3
AKSHAYA ,3
AKUA ,3
ALAIA ,3
ALEAHA ,3
ALEEMAH ,3
ALEESHBA ,3
ALEEYA ,3
ALEIA ,3
ALETA ,3
ALETIA ,3
ALEXCIA ,3
ALEXSIS ,3
ALEYAH ,3
ALICEA ,3
ALICIA-MARIE ,3
ALINE ,3
ALISE ,3
ALISHMA ,3
ALLA ,3
ALLYA ,3
ALLYSA ,3
ALLYSON ,3
ALMAAS ,3
ALMAS ,3
ALMIRA ,3
ALURA ,3
ALYANA ,3
ALYIAH ,3
AMAKA ,3
AMANIYA ,3
AMARACHI ,3
AMARISSA ,3
AMATULLAH ,3
AMBER-LOUISE ,3
AMBER-MARIE ,3
AMBERLIE ,3
AMBREEN ,3
AME ,3
AMEILIA ,3
AMELEAH ,3
AMELIA-JAYNE ,3
AMELYA ,3
AMERA ,3
AMI-LEIGH ,3
AMI-LOUISE ,3
AMISA ,3
AMOYA ,3
AMY-GRACE ,3
AMYLIA ,3
ANAB ,3
ANAH ,3
ANAI ,3
ANAISE ,3
ANALISA ,3
ANAMIKA ,3
ANDALEEB ,3
ANDRINA ,3
ANDZELIKA ,3
ANEET ,3
ANEIRA ,3
ANESA ,3
ANEZKA ,3
ANGEL-LEIGH ,3
ANGEL-LOUISE ,3
ANIELLA ,3
ANISE ,3
ANJALEE ,3
ANJANI ,3
ANJELICA ,3
ANJESA ,3
ANJOLA ,3
ANNA-MAY ,3
ANNABETH ,3
ANNAKAY ,3
ANNALEECE ,3
ANNALEIGH ,3
ANNALISSE ,3
ANNASTASIA ,3
ANNEMARIE ,3
ANNIA ,3
ANNICA ,3
ANNISSA ,3
ANNYA ,3
ANSHARAH ,3
ANTARA ,3
ANUOLUWA ,3
ANYSIA ,3
AQUILA ,3
ARAYA ,3
ARFA ,3
ARIADNA ,3
ARIELA ,3
ARIN ,3
ARIYANA ,3
ARMANDA ,3
ARMINA ,3
ARTA ,3
ARWYN ,3
ASHANTE ,3
ASHDON ,3
ASHIKA ,3
ASHIRA ,3
ASHLI ,3
ASHNA ,3
ASHTEN ,3
ASHWINI ,3
ASMITA ,3
ATALANTA ,3
ATHIYA ,3
AURA ,3
AVALON ,3
AVANTIKA ,3
AVERY ,3
AVESTA ,3
AWA ,3
AWO ,3
AYAKA ,3
AYELA ,3
AYISHAH ,3
AYLISH ,3
AYMA ,3
AYSU ,3
AZARA ,3
AZITA ,3
AZRAA ,3
AZZA ,3
B'ELANNA ,3
BAHAR ,3
BAHJA ,3
BAILLIE ,3
BAILY ,3
BALQIS ,3
BALSAM ,3
BANAN ,3
BASYA ,3
BATSHEVA ,3
BAYLEE ,3
BELA ,3
BELEN ,3
BELICIA ,3
BENEDICTE ,3
BENTE ,3
BETHANI ,3
BETHANY- ,3
BETHANY-ANN ,3
BETHANY-LOUISE ,3
BETTE ,3
BHAVNA ,3
BILLI ,3
BILLIE- ,3
BILLIE-LEIGH ,3
BILQEES ,3
BLENDA ,3
BLERTA ,3
BOBBI-JO ,3
BOBBY ,3
BOBBY-JO ,3
BOLUWATIFE ,3
BORA ,3
BRACHA ,3
BRADIE ,3
BRANDI ,3
BRISHTI ,3
BRITTNEY ,3
BRONTY ,3
BROOKE-LEIGH ,3
BROOKLYNN ,3
BRYANY ,3
BRYONI ,3
BURCIN ,3
BUSHRAA ,3
CADANCE ,3
CADEE ,3
CAI ,3
CAIDENCE ,3
CAILYN ,3
CAIRA ,3
CAITRIONA ,3
CAMEREN ,3
CANDY ,3
CAOILAINN ,3
CARLEE ,3
CAROLE ,3
CARSON ,3
CASEY- ,3
CASEY-LOUISE ,3
CASI ,3
CASSY ,3
CATELIN ,3
CAYLEIGH ,3
CELESTINE ,3
CEMRE ,3
CERIAN ,3
CHANDON ,3
CHANIA ,3
CHANNON ,3
CHANTAI ,3
CHARISSA ,3
CHARLEY-JADE ,3
CHARLEY-JO ,3
CHARLI-ANNE ,3
CHARLIE-ANNE ,3
CHARLIE-JANE ,3
CHARLIE-MAY ,3
CHARMAIN ,3
CHELSEA-LOUISE ,3
CHELSY ,3
CHENICE ,3
CHERICE ,3
CHEROKEE ,3
CHEVELLE ,3
CHIDO ,3
CHINWE ,3
CHLOE-JAYNE ,3
CHLOE-MAE ,3
CHLOE-PAIGE ,3
CHRISSY ,3
CHRISTIANE ,3
CIYA ,3
CLARISA ,3
CLEONA ,3
CLEOPATRA ,3
CLOVER ,3
COBY ,3
CODEE ,3
COLEY ,3
CONNI ,3
CONSTANZA ,3
CORALENA ,3
CORIE ,3
CORIN ,3
COURTENAY ,3
COURTNEY-LEIGH ,3
COURTNEY-ROSE ,3
COURTNIE ,3
CRISTIANA ,3
DAGMARA ,3
DAINA ,3
DAISEY ,3
DAISY- ,3
DAISYMAY ,3
DALI ,3
DALYA ,3
DAMITA ,3
DANITA ,3
DANIYA ,3
DANNIKA ,3
DANTE ,3
DAVEENA ,3
DEARBHLA ,3
DEENA ,3
DEENAH ,3
DEEPA ,3
DEEQA ,3
DEFNE ,3
DEIA ,3
DELIA ,3
DEMI-ANN ,3
DEMI-LEI ,3
DEMITRA ,3
DERRY ,3
DERVLA ,3
DERYA ,3
DESPINA ,3
DEVAN ,3
DEVEN ,3
DHAYA ,3
DIANNA ,3
DIBA ,3
DIELLZA ,3
DIJLE ,3
DILEK ,3
DILLON ,3
DISHA ,3
DOAA ,3
DOMINIKA ,3
DONAE ,3
DONELLA ,3
DONYA ,3
DOUAA ,3
DRU ,3
DUNIA ,3
DWYNWEN ,3
DZIFA ,3
EABHA ,3
EAVAN ,3
EBANIE ,3
EBANY ,3
EBBA ,3
EFIA ,3
EILY ,3
EIRIAN ,3
EIRWEN ,3
EKTA ,3
ELAHA ,3
ELANI ,3
ELANNA ,3
ELANUR ,3
ELARA ,3
ELAYNA ,3
ELEANORE ,3
ELEENA ,3
ELEONORA ,3
ELEONORE ,3
ELHAM ,3
ELIAH ,3
ELIANNE ,3
ELINORE ,3
ELIONA ,3
ELIORA ,3
ELISABETA ,3
ELITA ,3
ELIVIA ,3
ELIYA ,3
ELIZABETH-ROSE ,3
ELKA ,3
ELLA-JAY ,3
ELLAOUISE ,3
ELLESIA ,3
ELLIE-ANNE ,3
ELLIE-JAI ,3
ELLIE-JEAN ,3
ELLIE-NICOLE ,3
ELLIE-RAE ,3
ELLIEANN ,3
ELLIN ,3
ELLIOTT ,3
ELLISON ,3
ELLYS ,3
ELLYSHA ,3
ELLYSIA ,3
ELOWEN ,3
ELSI ,3
ELSIE-MAY ,3
ELWYN ,3
EMELYE ,3
EMIE ,3
EMIKO ,3
EMILY-GRACE ,3
EMILY-LOUISE ,3
EMILY-MAE ,3
EMINA ,3
EMMA-MAY ,3
EMMALISE ,3
EMMILY ,3
EMOGENE ,3
EMY ,3
ENA ,3
ENFYS ,3
ENID ,3
ENLLI ,3
ERINA ,3
ERRYN ,3
ERYNN ,3
ESENGUL ,3
ESHAH ,3
ESHIKA ,3
ESRAA ,3
ESSENCE ,3
ESTEE ,3
ESTRELLA ,3
ETHOLLE ,3
EUPHEMIA ,3
EVA-LOUISE ,3
EVALYN ,3
EVANIA ,3
EVERLYN ,3
EVIE-MAI ,3
EVIE-MAY ,3
EVIN ,3
EVVIE ,3
EWA ,3
EXAUCEE ,3
EYLUL ,3
EZARA ,3
EZMEE ,3
EZZAH ,3
FABBIHA ,3
FADUMO ,3
FAEZAH ,3
FAI ,3
FAIGY ,3
FAJAR ,3
FALIHA ,3
FALISHA ,3
FANTA ,3
FAREEDAH ,3
FARIYA ,3
FARYAL ,3
FATEMAH ,3
FATHEHA ,3
FATHIA ,3
FATHIYA ,3
FATIHAH ,3
FATIMAT ,3
FATIN ,3
FATUMA ,3
FINELLA ,3
FIONN ,3
FLORIANA ,3
FOLASADE ,3
FRANCHESKA ,3
FREDA ,3
FREDERIKA ,3
FRIEDERIKE ,3
FYZA ,3
GABI ,3
GABRIEL ,3
GAIL ,3
GENNA ,3
GEORGIA-MAI ,3
GEORGIANNA ,3
GERI ,3
GERMAINE ,3
GESSICA ,3
GISELA ,3
GIULIANA ,3
GLAIN ,3
GLENDA ,3
GRACIE-ANNE ,3
GULCIN ,3
GURJOT ,3
GURNEET ,3
GURSHARON ,3
GURVIR ,3
GWENDOLEN ,3
HA ,3
HAAFIZAH ,3
HAAJRAH ,3
HAANIA ,3
HAANIYA ,3
HAARISAH ,3
HADASSAH ,3
HADEEL ,3
HAF ,3
HAFZA ,3
HAIQAH ,3
HAJARAH ,3
HAJERAH ,3
HALO ,3
HAMIDA ,3
HAN ,3
HANAAN ,3
HANEEFAH ,3
HANIFE ,3
HAO ,3
HARJEET ,3
HARKIRAN ,3
HARKIRAT ,3
HARLEE ,3
HARLI ,3
HARMANI ,3
HARNEET ,3
HASINA ,3
HAWAH ,3
HEBAH ,3
HEEBA ,3
HEER ,3
HELIA ,3
HELINA ,3
HEMALI ,3
HEMANI ,3
HENNIE ,3
HENNY ,3
HILAL ,3
HIMA ,3
HINAL ,3
HINDY ,3
HO ,3
HODO ,3
HOLLIE-MARIE ,3
HOLLY-JO ,3
HOLLY-MAY ,3
HOLLYANN ,3
HONESTY ,3
HONI ,3
HONORIA ,3
HOORIA ,3
HOSANNA ,3
HUFSA ,3
HUMARA ,3
HUMAYRAH ,3
HUNNIE ,3
IBA ,3
IEESHA ,3
IHSAN ,3
IJEOMA ,3
IKHRA ,3
ILARIA ,3
ILIANA ,3
ILKAY ,3
ILLEANA ,3
IMA ,3
IMAMAH ,3
IMMOGEN ,3
INAARA ,3
INAAYA ,3
INDERPREET ,3
INDIA-ROSE ,3
INDICA ,3
INDRA ,3
INIKA ,3
INKA ,3
INTISAR ,3
IOANA ,3
IOANNA ,3
IPTISAM ,3
ISABEAU ,3
ISHITA ,3
ISHRATH ,3
ISMAH ,3
ISOLA ,3
IVIE ,3
IYINOLUWA ,3
IYLA ,3
IZMA ,3
JACIE ,3
JADAH ,3
JADENE ,3
JAIDE ,3
JAIDYN ,3
JAIMEE-LEIGH ,3
JAIMIE-LEIGH ,3
JAIYA ,3
JAMELA ,3
JAMIA ,3
JANANI ,3
JANELL ,3
JANEY ,3
JANINA ,3
JANKI ,3
JANNATH ,3
JASVEEN ,3
JATHUSHA ,3
JAVAIRIA ,3
JAWAIRIA ,3
JAWARIA ,3
JAYANNA ,3
JAYCE ,3
JAYDAN ,3
JAYME-LEIGH ,3
JAYMEE-LEIGH ,3
JAYNIE ,3
JAZ ,3
JAZLYN ,3
JAZMYNE ,3
JAZZMIN ,3
JAZZMYN ,3
JEMA ,3
JENADE ,3
JENISHA ,3
JERUSALEM ,3
JERUSHA ,3
JESLYN ,3
JESMIN ,3
JESSAMIE ,3
JESSICA-ANNE ,3
JESSICA-JAY ,3
JESSICA-LEIGH ,3
JESSICA-ROSE ,3
JESSICCA ,3
JESSIE-MAE ,3
JHANAE ,3
JIN ,3
JOCASTA ,3
JOIA ,3
JOLEE ,3
JOOD ,3
JORGIE ,3
JORJIE ,3
JOSLYN ,3
JOVI ,3
JOVITA ,3
JULIEANN ,3
JULIENNE ,3
JUNAYNAH ,3
JUNO ,3
KAAVIYA ,3
KACIA ,3
KADDY ,3
KADIE-LEIGH ,3
KAELAH ,3
KAHLAN ,3
KAIDENCE ,3
KAILEE ,3
KAILYN ,3
KAIRAH ,3
KAITLYNN ,3
KALEISHA ,3
KALSOOM ,3
KAMALA ,3
KAMERON ,3
KAMILIA ,3
KAMIYA ,3
KAR ,3
KARENZA ,3
KARISSA ,3
KASEY-LEIGH ,3
KASHAF ,3
KASHMALA ,3
KASI ,3
KASSANDRA ,3
KASSI ,3
KATELEN ,3
KATHERYN ,3
KATIE-JO ,3
KATIELEIGH ,3
KATIELOUISE ,3
KATY-LOUISE ,3
KAYDE ,3
KAYDIAN ,3
KAYLIA ,3
KAYLYN ,3
KAYRA ,3
KAYSEY ,3
KAYSI ,3
KAYTE ,3
KAZIAH ,3
KEAVEY ,3
KEELIN ,3
KEILA ,3
KEISI ,3
KEIVA ,3
KELLISE ,3
KELSA ,3
KELSEY-MAY ,3
KELSY ,3
KENISHA ,3
KERALA ,3
KERENA ,3
KERRI-ANN ,3
KERRIN ,3
KERRY-LEE ,3
KERRYN ,3
KESHA ,3
KESHET ,3
KESSIA ,3
KEYARA ,3
KEZI ,3
KHADIDJA ,3
KHADIJAT ,3
KHADIJO ,3
KHADRA ,3
KHALIA ,3
KHALISHA ,3
KHIZRA ,3
KHUSBU ,3
KHUSI ,3
KIA-MARIE ,3
KIARAH ,3
KIERAN ,3
KIKA ,3
KIMBERLEIGH ,3
KINGA ,3
KINZAH ,3
KIRAT ,3
KIRBY ,3
KIYOMI ,3
KLEA ,3
KOLSUMA ,3
KONNIE ,3
KOURTNEY ,3
KRISTAL ,3
KRISTEL ,3
KRISTELLE ,3
KRITI ,3
KSENIA ,3
KSENIYA ,3
KUPRA ,3
KYEISHA ,3
KYESHA ,3
KYISHA ,3
KYRI ,3
LA ,3
LABIBAH ,3
LACEY-MARIE ,3
LAIBAA ,3
LAIYBA ,3
LAKISHA ,3
LAMIAH ,3
LAMISA ,3
LAMIYA ,3
LANYA ,3
LARAYB ,3
LASHAY ,3
LATANYA ,3
LATEESHA ,3
LATIFAT ,3
LATONIA ,3
LAYAL ,3
LAYAN ,3
LAYCEE ,3
LEAH-PAIGE ,3
LEAHA ,3
LEEANN ,3
LEESA ,3
LEI ,3
LEIYAH ,3
LEKISHA ,3
LEONNA ,3
LEORA ,3
LEVINA ,3
LEXIA ,3
LEXXIE ,3
LEYAN ,3
LEYNA ,3
LI ,3
LIANI ,3
LIBBY-MAY ,3
LIBY ,3
LILA-ROSE ,3
LILANI ,3
LILI-MAI ,3
LILI-MAY ,3
LILIANNE ,3
LILIROSE ,3
LILIYA ,3
LILJANA ,3
LILLANI ,3
LILLEE ,3
LILLEY ,3
LILLI-MAI ,3
LILLIE-ANN ,3
LILLIE-GRACE ,3
LILLIEMAE ,3
LILLYMAE ,3
LILLYROSE ,3
LILOU ,3
LILY-JADE ,3
LILYANA ,3
LILYANNA ,3
LILYBELLE ,3
LILYROSE ,3
LIMA ,3
LINH ,3
LINSEY ,3
LIONA ,3
LITISHA ,3
LLIAN ,3
LLIWEN ,3
LOLA-BELLE ,3
LOLA-MAE ,3
LORENZA ,3
LORIN ,3
LORINE ,3
LORRELLE ,3
LORRETTA ,3
LOTTA ,3
LOUKIA ,3
LOWENA ,3
LOWIS ,3
LUANNA ,3
LUCCIA ,3
LUCILE ,3
LUCY-JAYNE ,3
LUCY-MAI ,3
LUCY-ROSE ,3
LUJAIN ,3
LUNED ,3
LUTFIYA ,3
LYNDSAY ,3
MAAHI ,3
MAAHIRAH ,3
MAANYA ,3
MAARYA ,3
MAAYAN ,3
MABLI ,3
MACKENZI ,3
MADELEINA ,3
MADONNA ,3
MAEBH ,3
MAEESHA ,3
MAEGHAN ,3
MAGAN ,3
MAGDA ,3
MAGGIE-MAE ,3
MAHDIYAH ,3
MAHEMA ,3
MAHERA ,3
MAHWISH ,3
MAIDAH ,3
MAIESHA ,3
MAIGAN ,3
MAIJA ,3
MAILE ,3
MAIMOONAH ,3
MAISA ,3
MAISY-JANE ,3
MAJIDA ,3
MAJIDAH ,3
MAKAELA ,3
MALAAK ,3
MALAIQA ,3
MALAYKA ,3
MALEAH ,3
MALENA ,3
MALISSA ,3
MALIYKA ,3
MAN ,3
MANASA ,3
MANEL ,3
MANMEET ,3
MANREET ,3
MANSHA ,3
MANSIMRAN ,3
MANYA ,3
MAQADAS ,3
MARCEY ,3
MAREYA ,3
MARGARITA ,3
MARGHERITA ,3
MARIE-LOUISE ,3
MARIHAH ,3
MARISOL ,3
MARJAN ,3
MARRIAM ,3
MARTHA-MAE ,3
MARWAH ,3
MARY-JEAN ,3
MARY-ROSE ,3
MARYA ,3
MARYANNE ,3
MARYBETH ,3
MASHAL ,3
MASOOMA ,3
MATHUSHA ,3
MAYGAN ,3
MAYMOONAH ,3
MAYRA ,3
MAYURI ,3
MEDA ,3
MEDHA ,3
MEERAB ,3
MEGAN-LOUISE ,3
MEGANN ,3
MEGGAN ,3
MEGHANA ,3
MEHAR ,3
MEHVISH ,3
MEHWISH ,3
MELA ,3
MELAK ,3
MELAT ,3
MELLIEHA ,3
MEMOONA ,3
MEMUNA ,3
MERITXELL ,3
MEYA ,3
MIA-LEIGH ,3
MIA-RAE ,3
MIAMI ,3
MICAIAH ,3
MICHEL ,3
MICHELE ,3
MIIA ,3
MIKAELLA ,3
MIKKI ,3
MILICA ,3
MILLENA ,3
MILLEY ,3
MILLIE-GRACE ,3
MIN ,3
MINERVA ,3
MIR ,3
MIRAY ,3
MIREL ,3
MIRNA ,3
MIRREN ,3
MIRYAM ,3
MISHAL ,3
MISHKA ,3
MISSIE ,3
MITZI ,3
MOLLIE-ANN ,3
MOLLY-GRACE ,3
MOLLY-ROSE ,3
MOLLYMAY ,3
MOMENA ,3
MOMNAH ,3
MONAE ,3
MORGHAN ,3
MORIAH ,3
MORIOM ,3
MORRIGAN ,3
MOSAMMAD ,3
MOSSAMMAD ,3
MOUNA ,3
MOYA ,3
MOYINOLUWA ,3
MUHSINA ,3
MUN ,3
MUNIBA ,3
MUQADAS ,3
MUSAMMAD ,3
MUSHTAQ ,3
MUSKA ,3
MUSSAMAT ,3
MUTSA ,3
MYESHA ,3
MYRIAM ,3
NAAILAH ,3
NAAYAAB ,3
NABA ,3
NADJA ,3
NAEVE ,3
NAFISHA ,3
NAHEEDAH ,3
NAJIFA ,3
NAJMIN ,3
NALEDI ,3
NAMRAH ,3
NAMRATA ,3
NAN ,3
NANETTE ,3
NANW ,3
NAO ,3
NAOMIE ,3
NARA ,3
NARGIS ,3
NARMEEN ,3
NASEEMA ,3
NASTEHA ,3
NATALI ,3
NATALIYA ,3
NATALLIA ,3
NAVDEEP ,3
NAVPREET ,3
NAVYA ,3
NAYLA ,3
NAYYAB ,3
NAZEEHA ,3
NAZIFAH ,3
NAZIRA ,3
NAZLICAN ,3
NAZMIN ,3
NEA ,3
NEAH ,3
NEAMH ,3
NEEMA ,3
NEHEMIAH ,3
NENA ,3
NETANYA ,3
NETHMI ,3
NETTA ,3
NEVADA ,3
NIAMBH ,3
NIAOMI ,3
NIAV ,3
NICHA ,3
NICKI ,3
NICO ,3
NIGELLA ,3
NIHARIKA ,3
NIKEISHA ,3
NIKIA ,3
NIKOL ,3
NILIMA ,3
NIMO ,3
NIREL ,3
NISHKA ,3
NIVEA ,3
NOELIA ,3
NOHA ,3
NOLWENN ,3
NOOR-UL-AIN ,3
NUBIA ,3
NUHAA ,3
NURIN ,3
NUSAIBA ,3
NUZHA ,3
OBEHI ,3
OCEANA ,3
OCEANNA ,3
OLAJUMOKE ,3
OLUCHI ,3
OLUWABUKUNMI ,3
OLUWADARA ,3
OLUWAFUNMILAYO ,3
OLUWAGBEMISOLA ,3
OLUWAPELUMI ,3
OLUWATOMI ,3
OLYVIA ,3
OMERA ,3
ONYX ,3
OONA ,3
OPEMIPO ,3
ORIANNA ,3
ORLANDA ,3
OYINLOLA ,3
OZGE ,3
OZLEM ,3
PAIGHTON ,3
PANAYIOTA ,3
PARIS-LEIGH ,3
PASHA ,3
PAVANDEEP ,3
PEACHES ,3
PEBBLES ,3
PEMBE ,3
PENINA ,3
PEONY ,3
PERSIA ,3
PETA ,3
PETRINA ,3
PHYLLIS ,3
PIPPI ,3
PIXIE ,3
POLA ,3
POONAM ,3
POPPY-ANN ,3
POPPY-MAE ,3
PRABLEEN ,3
PREENA ,3
PRIANKA ,3
PRITIKA ,3
PRIYANSHI ,3
PROMISE ,3
PUI ,3
PUJA ,3
QUEEN ,3
QUERIDA ,3
QUYNH ,3
RA'EESAH ,3
RAABIA ,3
RAAKHI ,3
RACHEL-LOUISE ,3
RACHNA ,3
RADHIYA ,3
RADIYAH ,3
RAHAT ,3
RAHIMAH ,3
RAI ,3
RAIHANA ,3
RAIN ,3
RAINBOW ,3
RAISAH ,3
RAIZY ,3
RAJVINDER ,3
RAKIYA ,3
RAMLAH ,3
RAND ,3
RANDEEP ,3
RANEE ,3
RANIYAH ,3
RAPHAELLE ,3
RASHEEDA ,3
RAYANA ,3
RAYVEN ,3
REAM ,3
REBECKA ,3
REGINA ,3
REHA ,3
REHAB ,3
REHANNA ,3
REILLY ,3
REMAYA ,3
REMEE ,3
REMMI ,3
REMMIE ,3
RESHMI ,3
REVA ,3
REYHAN ,3
RHEANNON ,3
RHEO ,3
RHEYA ,3
RHIANE ,3
RHIANNAH ,3
RIADEEP ,3
RIAH ,3
RIANNAH ,3
RIDWANA ,3
RIFAH ,3
RIFAT ,3
RIFKY ,3
RIMINI ,3
RINESA ,3
RIVA ,3
RIYAH ,3
RIYANA ,3
ROHA ,3
ROHANA ,3
ROHINI ,3
ROLANDA ,3
ROMILY ,3
ROMINA ,3
RONJA ,3
RONNY ,3
ROSABELLE ,3
ROSHEEN ,3
ROSIE- ,3
ROWENNA ,3
ROXANE ,3
RUBINA ,3
RUBY-MAI ,3
RUBY-ROSE ,3
RUBYANN ,3
RUCHA ,3
RUMAANAH ,3
RUMAN ,3
RUMBIDZAI ,3
RUMMANAH ,3
RUMSHA ,3
RUTHIE ,3
RYAN ,3
RYANNA ,3
SAAIMAH ,3
SAANIA ,3
SAANIYA ,3
SAANVI ,3
SABBA ,3
SABEEHAH ,3
SABIRAH ,3
SACHI ,3
SADIQA ,3
SAFOORA ,3
SAHDIA ,3
SAHIBAH ,3
SAHIRA ,3
SAINABOU ,3
SAJAL ,3
SALLY-ANN ,3
SALONI ,3
SAMARAH ,3
SAMAYA ,3
SAMBA ,3
SAMIN ,3
SAMMI-JO ,3
SAMMIA ,3
SAMMIE-JO ,3
SAMRAH ,3
SAMUELA ,3
SAMUELLA ,3
SAMYUKTHA ,3
SANTANA ,3
SAPHIRA ,3
SAPHRON ,3
SARAH-ANN ,3
SARAH-ANNE ,3
SARAYA ,3
SARIKA ,3
SARIYAH ,3
SATVEER ,3
SAUDAH ,3
SAYA ,3
SAYEEDA ,3
SEDANUR ,3
SEERAT ,3
SEIRIAN ,3
SEJAL ,3
SENEL ,3
SENNA ,3
SEREENA ,3
SEREL ,3
SERISH ,3
SERYN ,3
SEVIN ,3
SEVVAL ,3
SEYNABOU ,3
SHADIA ,3
SHAGANA ,3
SHAKEELA ,3
SHAKELA ,3
SHALIYAH ,3
SHAMIA ,3
SHAMILAH ,3
SHAMIM ,3
SHAMINA ,3
SHAMYA ,3
SHANARA ,3
SHANEEKA ,3
SHANEQUA ,3
SHANNAI ,3
SHANNELLE ,3
SHANYA ,3
SHANYCE ,3
SHARAN ,3
SHARANDEEP ,3
SHARANYA ,3
SHAREEN ,3
SHARIAH ,3
SHARIFAH ,3
SHARLOTTE ,3
SHARNELLE ,3
SHARNEY ,3
SHARNIE ,3
SHAUNA-LEIGH ,3
SHAUNI ,3
SHAYLAH ,3
SHAYLEY ,3
SHAYMAA ,3
SHEHREEN ,3
SHELBY-LEIGH ,3
SHENALI ,3
SHENIZ ,3
SHERELLE ,3
SHILPA ,3
SHIRA ,3
SHIREEN ,3
SHRUTHI ,3
SHUGRI ,3
SHULAMIS ,3
SHUMAILA ,3
SHYMA ,3
SIBEL ,3
SIBGHA ,3
SICILY ,3
SIDDIQAH ,3
SIDHRA ,3
SIDNIE ,3
SILKA ,3
SIMPHIWE ,3
SIMRANJIT ,3
SIMRIT ,3
SIN ,3
SIRI ,3
SISSY ,3
SITA ,3
SITI ,3
SOLIANA ,3
SONJA ,3
SOPHIE-JAYNE ,3
SOPHIE-ROSE ,3
SOUMIA ,3
SREYA ,3
STACIA ,3
STARLA ,3
STEPHANY ,3
STEPHENIE ,3
STEVIE-LEE ,3
SUFIA ,3
SUHAYLA ,3
SUHAYMA ,3
SUKHMANI ,3
SUKHPREET ,3
SUKHRAJ ,3
SUKHVEER ,3
SULTAN ,3
SUM ,3
SUMAYIA ,3
SUMER ,3
SUNA ,3
SURAYYA ,3
SURIYA ,3
SURUTHI ,3
SUWAIBAH ,3
SUWEYDA ,3
SYDELLE ,3
SYDNI ,3
TABASUM ,3
TADIWANASHE ,3
TAEGAN ,3
TAEJA ,3
TAEJAH ,3
TAHERA ,3
TAHERAH ,3
TAHIRAH ,3
TAHIYAH ,3
TAHMIMA ,3
TAHNEE ,3
TAHSEEN ,3
TAHURA ,3
TAIANNE ,3
TAILOR ,3
TAIMA ,3
TAINA ,3
TAISHA ,3
TAJAH ,3
TALLIA ,3
TALLIS ,3
TAMARRA ,3
TAMERA ,3
TAMIRA ,3
TAMLA ,3
TANNA ,3
TANUSHRI ,3
TAOMI ,3
TARANPREET ,3
TASHANI ,3
TASNIIM ,3
TASNIMAH ,3
TASSIA ,3
TAVLEEN ,3
TAWHIDA ,3
TAYEBA ,3
TAYLOR-JANE ,3
TAYLOR-JAYNE ,3
TEAGEN ,3
TEHZEEB ,3
TEIGEN ,3
TELISHA ,3
TEMILADE ,3
TEMILAYO ,3
TEMILOLA ,3
TENISHA ,3
TERRI-ANN ,3
TERRI-LEIGH ,3
TEYAH ,3
TEYANA ,3
THAHIA ,3
THAHMINA ,3
THAYA ,3
THIVIYA ,3
TIA-MAI ,3
TIAGAN ,3
TIANAH ,3
TIANN ,3
TIARNNA ,3
TIGAN ,3
TILEAH ,3
TILLY-ANN ,3
TING ,3
TINISHA ,3
TIONNE ,3
TIRENIOLUWA ,3
TIYANA ,3
TOLUWANIMI ,3
TONI-MARIE ,3
TONIA ,3
TONISHA ,3
TORA ,3
TORIE ,3
TOVA ,3
TOYA ,3
TRICIA ,3
TUGCE ,3
TYA ,3
TYLISHA ,3
TYRAH ,3
TYSHA ,3
TZIPORAH ,3
TZIPPORAH ,3
UJALA ,3
UM ,3
UMAIYYAH ,3
UMAYAH ,3
UMAYMA ,3
UMAYYA ,3
UME ,3
UMM ,3
UMU ,3
UNAYSA ,3
URVASHI ,3
USMA ,3
VAHINI ,3
VALENTINE ,3
VANSHIKA ,3
VEDA ,3
VENESSA ,3
VERONIQUE ,3
VICKIE ,3
VIDA ,3
VIDISHA ,3
VINA ,3
VIOLETTE ,3
VISHA ,3
VITTORIA ,3
WAHEEDA ,3
WAJIHA ,3
WAN ,3
WARDAH ,3
WIKTORIA ,3
WINNY ,3
XARA ,3
XIANA ,3
XIAO ,3
YALDA ,3
YAN ,3
YANNA ,3
YENA ,3
YESIM ,3
YETUNDE ,3
YEWANDE ,3
YING ,3
YSOBEL ,3
ZAAKIRAH ,3
ZAHEERA ,3
ZAIB-UN-NISA ,3
ZAINIB ,3
ZAINUB ,3
ZAKIRA ,3
ZALA ,3
ZAM ,3
ZANAB ,3
ZANDILE ,3
ZARQA ,3
ZARRIN ,3
ZEA ,3
ZEENA ,3
ZENIA ,3
ZENOBIA ,3
ZERDA ,3
ZHARA ,3
ZINA ,3
ZOHRAH ,3
ZOIE ,3
ZOSIA ,3
ZUBAIDA ,3
ZUVA ,3
