JACK ,7804
THOMAS ,6616
JOSHUA ,6519
OLIVER ,5898
HARRY ,5639
JAMES ,5411
WILLIAM ,4886
DANIEL ,4844
SAMUEL ,4844
CHARLIE ,4734
JOSEPH ,4279
BENJAMIN ,4188
CALLUM ,3937
GEORGE ,3787
JAKE ,3747
ALFIE ,3702
LUKE ,3475
ETHAN ,3400
MATTHEW ,3400
MOHAMMED ,3239
LEWIS ,3238
JACOB ,3193
DYLAN ,3103
ALEXANDER ,3059
RYAN ,2761
ADAM ,2674
TYLER ,2353
HARVEY ,2325
MAX ,2248
CAMERON ,2096
JAMIE ,2068
LIAM ,2063
LEO ,2047
OWEN ,1965
CONNOR ,1951
HARRISON ,1926
NATHAN ,1894
BEN ,1845
HENRY ,1798
ARCHIE ,1739
MICHAEL ,1666
EDWARD ,1659
MUHAMMAD ,1636
AARON ,1620
KYLE ,1565
OSCAR ,1523
NOAH ,1511
LUCAS ,1493
RHYS ,1451
CHARLES ,1443
BRADLEY ,1409
TOBY ,1388
BRANDON ,1357
LOUIS ,1350
ISAAC ,1333
REECE ,1311
ALEX ,1293
KIERAN ,1274
FINLAY ,1262
FINLEY ,1242
LOGAN ,1232
MASON ,1230
KAI ,1213
RILEY ,1187
FREDDIE ,1129
JAYDEN ,1125
DAVID ,1112
HARLEY ,1092
KIAN ,1043
MOHAMMAD ,1033
BAILEY ,990
SAM ,952
JOHN ,905
JOEL ,897
ROBERT ,890
LEON ,884
ELLIS ,876
JOE ,844
TAYLOR ,839
COREY ,834
LUCA ,826
BILLY ,825
CHRISTOPHER ,824
ASHTON ,817
EVAN ,813
AIDAN ,804
ELLIOT ,786
MORGAN ,772
HAYDEN ,769
JAY ,756
THEO ,751
DOMINIC ,734
ZACHARY ,727
SEBASTIAN ,715
SEAN ,714
ANDREW ,681
REUBEN ,680
GABRIEL ,658
FREDERICK ,619
EWAN ,594
JONATHAN ,582
LOUIE ,579
CALUM ,575
FINN ,564
PATRICK ,560
AIDEN ,542
NICHOLAS ,541
ZAK ,528
ANTHONY ,519
TOM ,508
IBRAHIM ,504
SONNY ,503
BOBBY ,502
ELLIOTT ,498
CODY ,494
JOSH ,481
JUDE ,459
PETER ,458
MARCUS ,457
ARTHUR ,454
ASHLEY ,448
DECLAN ,442
MACKENZIE ,437
MCKENZIE ,433
CALEB ,420
SCOTT ,420
TRISTAN ,420
TOMMY ,414
MUHAMMED ,413
STANLEY ,413
ALI ,410
CHRISTIAN ,402
MOHAMED ,402
BLAKE ,399
JORDAN ,398
COLE ,394
NATHANIEL ,394
RORY ,392
MAXWELL ,384
FELIX ,382
JASON ,379
DANNY ,378
FRANKIE ,376
ZAIN ,370
TOBIAS ,352
MARK ,345
SYED ,341
THEODORE ,339
PRESTON ,330
ROWAN ,329
ALFRED ,325
MITCHELL ,322
LENNON ,321
LEVI ,321
HAMZA ,318
SHAY ,316
PAUL ,315
ABDUL ,312
STEPHEN ,308
AHMED ,304
RIO ,301
SETH ,299
RONNIE ,298
YUSUF ,294
ELIJAH ,293
EMMANUEL ,286
ROHAN ,285
LEE ,284
EUAN ,282
ZACK ,281
HUGO ,276
JENSON ,275
KEVIN ,275
JUSTIN ,270
ABDULLAH ,269
CONOR ,260
SHAUN ,256
STEVEN ,254
KYE ,253
ROBBIE ,251
MILES ,249
SPENCER ,243
MAXIMILIAN ,242
SHANE ,238
TRAVIS ,238
KAYDEN ,237
OMAR ,236
RICHARD ,233
RUBEN ,233
CIARAN ,232
KANE ,232
JACKSON ,229
ROMAN ,229
HASSAN ,226
VINCENT ,225
CIAN ,222
FRASER ,222
TROY ,222
ALBERT ,220
KENZIE ,220
CURTIS ,217
JASPER ,216
KADEN ,210
MARLEY ,208
JESSE ,206
MALACHI ,206
MYLES ,203
ANGUS ,201
FLYNN ,201
LEIGHTON ,201
LUIS ,201
ZAC ,195
OLLIE ,193
CAI ,192
BILAL ,190
FRANCIS ,190
NIALL ,190
ARYAN ,188
KAIDEN ,188
DILLON ,187
AMAAN ,186
DREW ,186
WILL ,186
ROSS ,185
SIMON ,182
TIMOTHY ,181
AUSTIN ,179
FRANK ,178
ZACH ,178
MUSTAFA ,177
TOMAS ,175
UMAR ,175
REGAN ,174
DEAN ,164
JADEN ,163
BARNABY ,162
ISMAIL ,160
KIERON ,158
MILO ,158
FLETCHER ,157
PHILIP ,157
LAYTON ,156
MARSHALL ,156
TEDDY ,156
SAMI ,155
SHAYNE ,155
ARJUN ,154
CADEN ,154
ADRIAN ,152
JAKUB ,152
ALAN ,150
SOLOMON ,150
MARTIN ,148
HAYDN ,146
JONAH ,145
RAPHAEL ,145
BROOKLYN ,144
CORY ,144
HASAN ,144
WARREN ,143
CARTER ,142
LLOYD ,142
BENEDICT ,139
CASEY ,139
LUKAS ,139
AYAAN ,137
FREDDY ,137
MATHEW ,137
SIDNEY ,137
TYRESE ,137
XAVIER ,137
JAIDEN ,136
IEUAN ,134
HARRIS ,133
JAI ,133
KACPER ,132
TY ,131
JAYDON ,130
DEXTER ,129
KEIRAN ,129
LEONARDO ,129
JENSEN ,127
REGGIE ,127
ROBIN ,127
ROCCO ,127
ZANE ,127
DARREN ,126
KRISTIAN ,125
JIMMY ,124
BEAU ,123
BRENDAN ,122
KEANE ,122
LAWRENCE ,122
BYRON ,121
ZAKARIYA ,120
ALISTAIR ,119
JAC ,119
TED ,119
AHMAD ,118
OWAIN ,118
ASTON ,117
KRISH ,117
LUKA ,117
RUFUS ,117
MUSA ,116
AMIR ,115
JARED ,115
TOMOS ,115
MAXIMUS ,114
NICOLAS ,113
TONY ,113
CAIN ,112
KEATON ,112
YAHYA ,112
AMAN ,111
FERGUS ,111
CARL ,110
RAYAN ,110
DEVON ,109
HAIDER ,109
HARRI ,109
JOSIAH ,109
VICTOR ,109
DANTE ,108
JOHNNY ,108
CHARLEY ,107
HARIS ,107
RALPH ,107
SAHIL ,107
ADIL ,106
CRAIG ,106
KHALID ,106
OAKLEY ,106
OSIAN ,106
GUY ,105
ARRAN ,104
CAIDEN ,104
DENNIS ,104
JED ,104
ISA ,103
RYLEY ,103
ANTONY ,102
ERIC ,102
ARUN ,101
BRYN ,101
CONRAD ,101
ISAIAH ,101
JAMAL ,101
SAUL ,101
ELIAS ,100
HUGH ,100
MARCO ,100
ANTONIO ,99
DAMIEN ,99
ABDIRAHMAN ,98
ZACHARIAH ,97
LINCOLN ,96
NEO ,96
SAIF ,96
AYMAN ,95
LENNY ,95
XANDER ,95
ARDA ,94
EDEN ,94
JAK ,94
KEEGAN ,94
HAMISH ,93
IESTYN ,93
KALLUM ,93
ARRON ,92
IWAN ,92
JEREMY ,92
JULIAN ,92
KAMRAN ,92
PHOENIX ,92
SAMEER ,92
BRODIE ,91
CAYDEN ,91
COBY ,91
GREGORY ,91
IOAN ,91
LAURENCE ,91
ALEC ,90
RAFAEL ,90
REHAN ,90
VINNIE ,90
ELI ,89
WESLEY ,89
ANDRE ,88
DAMIAN ,88
NED ,88
AJAY ,87
CONNER ,87
JOEY ,87
KYAN ,87
ANAS ,86
IVAN ,86
MIKEY ,86
STEFAN ,86
BRIAN ,85
IAN ,85
DEACON ,84
WYATT ,84
COHEN ,83
HASHIM ,83
JAKOB ,83
ASHER ,82
EDDIE ,82
OSKAR ,82
STUART ,82
ARMAAN ,81
HECTOR ,81
KEELAN ,81
LEYTON ,81
USMAN ,81
BRAYDEN ,80
CAMRON ,80
FABIAN ,80
GETHIN ,80
KARL ,80
ALBIE ,79
FARHAN ,79
FINNLEY ,79
RAYYAN ,79
DOUGLAS ,78
ZAKARIA ,78
ANTON ,77
CALVIN ,77
CLAYTON ,77
DANYAL ,77
LEONARD ,77
PRINCE ,77
ISMAEEL ,76
KYRAN ,76
MONTY ,76
ARON ,75
BRODY ,75
JUNIOR ,75
RONAN ,75
ALASTAIR ,74
AWAIS ,74
HAROON ,74
AAYAN ,73
BRUNO ,73
DENIS ,73
FILIP ,73
HAMZAH ,73
IMRAN ,73
JAGO ,73
MONTGOMERY ,73
RUPERT ,73
IBRAHEEM ,72
EESA ,71
JERMAINE ,71
QUINN ,71
SAMIR ,71
SHEA ,71
LELAND ,70
MALAKAI ,70
MATTEO ,70
ROMEO ,70
ABDULLAHI ,69
ARCHIBALD ,69
CYRUS ,69
KALEB ,69
MILAN ,69
STEFFAN ,69
DOMINIK ,68
MAXIMILLIAN ,67
NOEL ,67
OTIS ,67
AADAM ,66
HUSSAIN ,66
JAN ,66
JEREMIAH ,66
AMAR ,65
CARLOS ,65
MADDOX ,65
MATEUSZ ,65
RAYHAN ,65
DION ,64
EDWIN ,64
MOSES ,64
WOODY ,64
CASPER ,63
JON ,63
LACHLAN ,63
MICAH ,63
NICO ,63
FRAZER ,62
JOSEF ,62
KEENAN ,62
NATHANAEL ,62
AARYAN ,61
ALESSANDRO ,61
AYDEN ,61
BARNEY ,61
DHRUV ,61
MALACHY ,61
RAHUL ,61
TODD ,61
TYRELL ,61
YASIN ,61
ABBAS ,60
EZEKIEL ,60
FRED ,60
GARETH ,60
GEORGIE ,60
HASEEB ,60
MALIK ,60
RAHEEM ,60
SION ,60
SUBHAN ,60
UZAIR ,60
BRYAN ,59
FYNN ,59
NIKHIL ,59
RAJA ,59
RAYMOND ,59
RICKY ,59
HARI ,58
KEIRON ,58
ABRAHAM ,57
MAISON ,57
ROAN ,57
TIAGO ,57
TYE ,57
FARIS ,56
JAYDAN ,56
MARC ,56
MARCEL ,56
OTTO ,56
PHILLIP ,56
TYRONE ,56
YASEEN ,56
ANDY ,55
FAIZAN ,55
HAARIS ,55
KAYNE ,55
KYRON ,55
WAYNE ,55
WILFRED ,55
BRETT ,54
COLBY ,54
JEROME ,54
JUNAID ,54
KADE ,54
LUC ,54
MAXIM ,54
QASIM ,54
TALHA ,54
TATE ,54
ZAYN ,54
ALEXANDRE ,53
ANDREAS ,53
DANIYAL ,53
HUW ,53
TERRY ,53
YASH ,53
ALED ,52
AMARI ,52
AMIN ,52
CASPAR ,52
CHASE ,52
CHE ,52
COLIN ,52
ILYAS ,52
KURTIS ,52
LORENZO ,52
MACAULEY ,52
NEIL ,52
OLIVIER ,52
RICARDO ,52
ARJAN ,51
KOREY ,51
ORLANDO ,51
OWAIS ,51
RISHI ,51
SHAE ,51
ZAID ,51
ZION ,51
ABU ,50
ADITYA ,50
ARLO ,50
DAWID ,50
EZRA ,50
SEBASTIEN ,50
SOL ,50
SULAIMAN ,50
TARAN ,50
YUVRAJ ,50
CASSIUS ,49
DIEGO ,49
GARY ,49
MICHAL ,49
ANGELO ,48
BAYLEY ,48
BROGAN ,48
DUNCAN ,48
FINDLAY ,48
JEEVAN ,48
MIGUEL ,48
RICO ,48
RUDI ,48
RUDY ,48
SHAAN ,48
SHAYAN ,48
ABEL ,47
ARMAN ,47
GIDEON ,47
IDRIS ,47
KAMERON ,47
KIRAN ,47
KIYAN ,47
RIAN ,47
SALMAN ,47
DILLAN ,46
KAINE ,46
KOBE ,46
MARIO ,46
PATRYK ,46
REILLY ,46
SHAH ,46
ADNAN ,45
DAFYDD ,45
ENZO ,45
EOIN ,45
JOHNATHAN ,45
JOSE ,45
YOUSUF ,45
CHAD ,44
DAMON ,44
ELIS ,44
EMRE ,44
HASNAIN ,44
KELVIN ,44
KIEREN ,44
KODY ,44
PIERCE ,44
RAFE ,44
REEGAN ,44
SAAD ,44
YOUSEF ,44
IZAAK ,43
KARAN ,43
NANA ,43
PIERS ,43
RAFFERTY ,43
RAYAAN ,43
SHAWN ,43
TARIQ ,43
TREY ,43
ADEM ,42
AMMAR ,42
CHRIS ,42
GAVIN ,42
HADLEY ,42
HENRI ,42
JUAN ,42
KURT ,42
MEHMET ,42
VALENTINO ,42
AYUB ,41
CRUZ ,41
DALE ,41
DALTON ,41
ERIK ,41
FAISAL ,41
FREDERIC ,41
HAYDON ,41
JONAS ,41
JONTY ,41
RIDWAN ,41
RYLAN ,41
RYLEE ,41
SZYMON ,41
ADDISON ,40
CAELAN ,40
COOPER ,40
DAN ,40
LUCCA ,40
MAHDI ,40
PHARRELL ,40
REAGAN ,40
RUSSELL ,40
SPIKE ,40
SUBHAAN ,40
ASAD ,39
BRAD ,39
CORMAC ,39
EDMUND ,39
HAMMAD ,39
KAMRON ,39
KENNETH ,39
SEAMUS ,39
TAHA ,39
ZAKI ,39
ABDULRAHMAN ,38
ASA ,38
AYOMIDE ,38
DENZEL ,38
GIOVANNI ,38
JONATHON ,38
KRISHAN ,38
LUCIAN ,38
MILLER ,38
SAMMY ,38
SAMSON ,38
SANTIAGO ,38
SHEIKH ,38
ADEN ,37
DIESEL ,37
FABIO ,37
HERBIE ,37
JEFFREY ,37
KAMIL ,37
KINGSLEY ,37
KOBI ,37
LORCAN ,37
UMAIR ,37
ZACKARY ,37
CODIE ,36
DENIZ ,36
DEWI ,36
DILAN ,36
ERNEST ,36
HEATH ,36
MATT ,36
RUEBEN ,36
SUFYAAN ,36
YUNUS ,36
ZEESHAN ,36
BRANDAN ,35
BRENDON ,35
CARSON ,35
FAHAD ,35
HUMZA ,35
JAXON ,35
KEANU ,35
KWAME ,35
LEWYS ,35
REISS ,35
REMY ,35
TAI ,35
TAYLAN ,35
TERENCE ,35
YASIR ,35
ALVIN ,34
ARIF ,34
AXEL ,34
BRADEN ,34
EREN ,34
GERRARD ,34
KIT ,34
KOBY ,34
KOFI ,34
LANCE ,34
LUQMAN ,34
NABIL ,34
REHAAN ,34
ROSHAN ,34
ZAYAN ,34
ZAYD ,34
ABUBAKAR ,33
ALASDAIR ,33
AMEER ,33
AZAAN ,33
BRAYDON ,33
CORBEN ,33
DANE ,33
DARIUS ,33
ESHAN ,33
FIONN ,33
HUSSEIN ,33
IFAN ,33
ISHAQ ,33
ISRAEL ,33
JAWAD ,33
KAIN ,33
KAYDON ,33
KONRAD ,33
LENNOX ,33
MARVIN ,33
MERT ,33
PABLO ,33
PADDY ,33
PRESLEY ,33
THIERRY ,33
TYREECE ,33
VEER ,33
VINNY ,33
WILSON ,33
ANWAR ,32
CODEY ,32
DANIAL ,32
DARCY ,32
EHSAN ,32
FAIZAAN ,32
FINNIAN ,32
FINTAN ,32
FRANCESCO ,32
GIANLUCA ,32
KARAM ,32
KARIM ,32
KEIR ,32
MAHIR ,32
MOHAMAD ,32
PEDRO ,32
RHODRI ,32
RIVER ,32
SUNNY ,32
WADE ,32
YEHUDA ,32
ARAN ,31
ARCHER ,31
BROOK ,31
CHESTER ,31
CLARK ,31
DANYAAL ,31
ISHAAN ,31
ISMAEL ,31
JADON ,31
JAMIL ,31
KAYA ,31
KAYLUM ,31
LOUI ,31
MAKENZIE ,31
MITCHEL ,31
RAIHAN ,31
REESE ,31
SIMEON ,31
AADIL ,30
ABDUR ,30
ALEKSANDER ,30
ANISH ,30
ARNAV ,30
FINNLAY ,30
GENE ,30
MATEO ,30
MOSHE ,30
MURRAY ,30
NIKITA ,30
PARIS ,30
RHYDIAN ,30
SILAS ,30
TRYSTAN ,30
ABID ,29
ALEJANDRO ,29
BOYD ,29
CADE ,29
DARRAGH ,29
EMILIO ,29
FENTON ,29
KENNY ,29
MEKHI ,29
MIKOLAJ ,29
NOA ,29
SACHA ,29
SAYED ,29
SID ,29
TOBEY ,29
TYREESE ,29
ANDREI ,28
CAINE ,28
CALLAN ,28
CAVAN ,28
DAWSON ,28
DAWUD ,28
DEV ,28
ELLISON ,28
ESA ,28
HADI ,28
ISSAC ,28
JORGE ,28
LEMAR ,28
MAGNUS ,28
NATE ,28
OISIN ,28
RAEES ,28
RAJAN ,28
RAUL ,28
REX ,28
SONNIE ,28
TAYYAB ,28
BLAINE ,27
BRANDEN ,27
BRUCE ,27
BRYCE ,27
CAIRO ,27
CAMPBELL ,27
DIOGO ,27
EDAN ,27
EDGAR ,27
FRANKLIN ,27
HAROLD ,27
HUDSON ,27
IGOR ,27
KASIM ,27
KEAGAN ,27
KHALIL ,27
KODI ,27
LAITH ,27
LAWSON ,27
LEROY ,27
NEEL ,27
NIGEL ,27
RAY ,27
ROMARIO ,27
SACHIN ,27
SUFYAN ,27
TORIN ,27
YAQUB ,27
ZACHERY ,27
AKRAM ,26
ANTONI ,26
ARMANI ,26
ASIM ,26
AYAN ,26
AYDIN ,26
AYUSH ,26
BILAAL ,26
BRADY ,26
CARWYN ,26
CORBIN ,26
ELIOT ,26
EMIL ,26
GILBERT ,26
KAYLAN ,26
KRYSTIAN ,26
LANDON ,26
LEWIE ,26
MYLO ,26
OMARI ,26
SAMUAL ,26
SHAYE ,26
T-JAY ,26
TYLA ,26
YOUSAF ,26
BRENNAN ,25
CHAIM ,25
FRANKY ,25
HAMID ,25
HARVIE ,25
JACQUES ,25
JOAO ,25
KAMAL ,25
KAROL ,25
KYLAN ,25
LLEYTON ,25
MACIEJ ,25
NABEEL ,25
NELSON ,25
PRANAV ,25
ROHIT ,25
SANTINO ,25
SUHAYB ,25
SYDNEY ,25
TRENT ,25
ZANDER ,25
AAMIR ,24
AMOS ,24
ASHWIN ,24
CIERAN ,24
CLEMENT ,24
DEEN ,24
DEON ,24
EMANUEL ,24
FARHAAN ,24
GREGOR ,24
JAIME ,24
JULES ,24
JULIUS ,24
RAHIM ,24
REMI ,24
RICHIE ,24
RONALD ,24
SAHIB ,24
TEEJAY ,24
TEO ,24
TYLER-JAMES ,24
TYLOR ,24
USMAAN ,24
ZAYNE ,24
ABDI ,23
ACE ,23
CARLO ,23
CHAY ,23
CINAR ,23
COSMO ,23
EMERSON ,23
EPHRAIM ,23
FRANCISCO ,23
HISHAM ,23
HUBERT ,23
INIGO ,23
JAMIE-LEE ,23
JAYDN ,23
JOHAN ,23
JORDON ,23
LOCHLAN ,23
MOHSIN ,23
NASIR ,23
REID ,23
RIZWAN ,23
SHIVAM ,23
SHOAIB ,23
SOHAIL ,23
STEVIE ,23
TJ ,23
WALEED ,23
WALTER ,23
WILLEM ,23
ZAKIR ,23
ZOHAIB ,23
ZUBAIR ,23
AARAV ,22
ABDALLAH ,22
ABDURRAHMAN ,22
ALESSIO ,22
ANIS ,22
AYOUB ,22
BERNARD ,22
BERTIE ,22
CODI ,22
FAHEEM ,22
HAL ,22
HARLAN ,22
ISSA ,22
JAYSON ,22
KENAN ,22
KISHAN ,22
MAKSYMILIAN ,22
MAREK ,22
MARKO ,22
MATAS ,22
MICKEY ,22
NIHAL ,22
RAYHAAN ,22
SHELDON ,22
SULAYMAN ,22
TRISTEN ,22
UWAIS ,22
WIKTOR ,22
YUSEF ,22
ZACHARIAS ,22
ZIDANE ,22
ZIGGY ,22
ABDUR-RAHMAN ,21
ALLAN ,21
AMMAAR ,21
ASHDON ,21
BARAN ,21
BORIS ,21
CAM'RON ,21
DANISH ,21
DWAYNE ,21
EDISON ,21
ERYK ,21
ETIENNE ,21
FAHIM ,21
FREDRICK ,21
GERARD ,21
GIACOMO ,21
GRANT ,21
HAIDEN ,21
HAMAAD ,21
JEM ,21
JERRY ,21
KANYE ,21
KORBEN ,21
LAURIE ,21
MAC ,21
MICHEAL ,21
MUNEEB ,21
OLIWIER ,21
PIERRE ,21
RAJVEER ,21
REON ,21
RODRIGO ,21
STAN ,21
SULTAN ,21
TADHG ,21
WILF ,21
AEDAN ,20
ARYAAN ,20
BARTOSZ ,20
BEVAN ,20
BLESSING ,20
CILLIAN ,20
DARNELL ,20
DONOVAN ,20
EISA ,20
EMILE ,20
FREDERIK ,20
HAIDAR ,20
HUSEYIN ,20
IDREES ,20
IRFAN ,20
IZAAC ,20
JIMI ,20
JONNY ,20
KAVAN ,20
KEON ,20
KRRISH ,20
KUBA ,20
LYNDON ,20
MAHAD ,20
MARKUS ,20
MD ,20
MUSAB ,20
NIKOLAI ,20
NIKOLAS ,20
OLLY ,20
OSMAN ,20
REO ,20
ROBERTO ,20
RONNY ,20
RYLIE ,20
SAEED ,20
SAID ,20
SHIV ,20
TARUN ,20
TEDDIE ,20
VAUGHAN ,20
WALID ,20
ZAKK ,20
ABDULAHI ,19
AHSAN ,19
ALEXANDROS ,19
AMEEN ,19
ANEURIN ,19
BRAIDEN ,19
BRANDON-LEE ,19
DAANISH ,19
EDUARDO ,19
ELVIS ,19
FENN ,19
GILES ,19
HANAD ,19
HARMAN ,19
HARUN ,19
IMMANUEL ,19
JIM ,19
KAAN ,19
KALUM ,19
KAYLEM ,19
KRISHNA ,19
LEANDRO ,19
LEIGH ,19
MAHAMMED ,19
MARWAN ,19
NOJUS ,19
NYLE ,19
OLUWATOBILOBA ,19
ORSON ,19
PERRY ,19
PREM ,19
PTOLEMY ,19
REGINALD ,19
SAFWAN ,19
STEVE ,19
TANVIR ,19
UBAID ,19
WARWICK ,19
YISROEL ,19
YOUSIF ,19
ZIYAD ,19
ALAND ,18
AMRIT ,18
ANTOINE ,18
AQEEL ,18
ARIAN ,18
ASHDEN ,18
CADAN ,18
CRISTIANO ,18
DENNY ,18
DENVER ,18
DEREK ,18
DEVAN ,18
DIVINE ,18
DOMINYKAS ,18
EAMON ,18
ELISHA ,18
FINBAR ,18
HABIB ,18
HUSNAIN ,18
HUZAIFAH ,18
IOLO ,18
JAIDAN ,18
JIA ,18
JOSS ,18
JOZEF ,18
KAREEM ,18
KASEY ,18
KASPER ,18
KEREM ,18
KHALED ,18
KUSH ,18
LEX ,18
LUCIEN ,18
LUCIUS ,18
MALAKI ,18
MALCOLM ,18
MATTHIAS ,18
MIKHAIL ,18
MONTAGUE ,18
NOOR ,18
ORION ,18
OZZY ,18
PAOLO ,18
ROY ,18
RUAIRI ,18
SAI ,18
SALEH ,18
SAMIUL ,18
STEWART ,18
TAHIR ,18
TAHMID ,18
TAYYIB ,18
TOMASZ ,18
VINCENZO ,18
YOUSSEF ,18
ZAHID ,18
ABUBAKR ,17
ADEEL ,17
ADRIANO ,17
AHAD ,17
AKASH ,17
AYRTON ,17
BOBBIE ,17
BUDDY ,17
CAIO ,17
CALLAM ,17
COBIE ,17
CRISTIAN ,17
DARRELL ,17
DEVEN ,17
DEVONTE ,17
DONALD ,17
EFAN ,17
FARRELL ,17
FREDRIK ,17
FYNLEY ,17
GEOFFREY ,17
GERALD ,17
GODWIN ,17
GUTO ,17
HARLEE ,17
HUZAIFA ,17
ISHAAQ ,17
ISHAN ,17
JAHEIM ,17
JAMAAL ,17
JAVIER ,17
JUN ,17
JUNAYD ,17
KAEDEN ,17
KAJUS ,17
KAYDAN ,17
KEITH ,17
MADOC ,17
MANRAJ ,17
MANVEER ,17
MARLON ,17
MASSIMO ,17
MEHDI ,17
MUHAMED ,17
NADIR ,17
OLUWATOBI ,17
OM ,17
ROSSI ,17
SANJAY ,17
SUHAIL ,17
T ,17
TAYLER ,17
TINASHE ,17
TOMMY-LEE ,17
YOUNES ,17
ZAKARIYYA ,17
AADI ,16
ADAN ,16
ADEL ,16
AKSHAY ,16
ALEXIS ,16
ARYA ,16
ASHRAF ,16
AUSTEN ,16
BENNY ,16
BILL ,16
CHRISTOS ,16
CORBAN ,16
CORI ,16
DARYL ,16
DIGBY ,16
EBENEZER ,16
EFE ,16
EMIR ,16
FABIEN ,16
FINNAN ,16
FLOYD ,16
FUAD ,16
GAGE ,16
GIUSEPPE ,16
GUS ,16
HARSH ,16
JAMESON ,16
JARRED ,16
JASKARAN ,16
JAYLEN ,16
JETT ,16
JIBRIL ,16
JODY ,16
KAIF ,16
KEAN ,16
KEIGAN ,16
KIE ,16
LENNIE ,16
LYNDEN ,16
MAHAMED ,16
MANAV ,16
MARSHAL ,16
MAURICE ,16
MAYSON ,16
MENACHEM ,16
MIKE ,16
MOHAMMOD ,16
NEDAS ,16
ORAN ,16
ORIN ,16
QUINCY ,16
REEF ,16
REES ,16
ROBSON ,16
ROLAND ,16
RYDER ,16
SABIR ,16
SAQIB ,16
SASHA ,16
SHYAM ,16
SOREN ,16
STEPHAN ,16
SULLIVAN ,16
TERRELL ,16
TIM ,16
YASSER ,16
YOUNIS ,16
ABDURAHMAN ,15
AKEEM ,15
ALBY ,15
AMAAR ,15
AQIB ,15
ARVIN ,15
ASH ,15
AYMEN ,15
BLADE ,15
BODHI ,15
BRENDEN ,15
CONALL ,15
DORIAN ,15
DRE ,15
DYLLAN ,15
EUGENE ,15
FAIZ ,15
FRANCISZEK ,15
HENLEY ,15
JEAN ,15
JETHRO ,15
JOHN-PAUL ,15
JOLYON ,15
JUDAH ,15
KAELAN ,15
KALEEM ,15
KEILAN ,15
KIEFER ,15
KORI ,15
KORY ,15
KRISTOPHER ,15
LLION ,15
MAKAI ,15
MICKY ,15
MIRZA ,15
MURPHY ,15
MUSTAPHA ,15
NAEEM ,15
PACEY ,15
PARTH ,15
PIOTR ,15
RIAZ ,15
SALIM ,15
SHAHID ,15
SOHAIB ,15
SULEYMAN ,15
TIERNAN ,15
TREMAINE ,15
VINCE ,15
YASSIN ,15
YONIS ,15
YOUCEF ,15
YU ,15
ZAYYAN ,15
ABDULAZIZ ,14
AHMET ,14
AMANI ,14
ATIF ,14
BARRY ,14
CAIUS ,14
CHRISTY ,14
COLM ,14
CONNAH ,14
CULLEN ,14
DARA ,14
DAVIE ,14
DIYAR ,14
EASHAN ,14
EBEN ,14
EDSON ,14
ESHAAN ,14
FAWAZ ,14
GRUFFYDD ,14
GWION ,14
HARVEY-LEE ,14
HERBERT ,14
HORATIO ,14
IMAD ,14
IVOR ,14
JAEDEN ,14
JAMEEL ,14
JARVIS ,14
JEVAN ,14
JOVAN ,14
KAIDAN ,14
KAILUM ,14
KEYAAN ,14
KILLIAN ,14
KIRK ,14
KYMANI ,14
LIBAN ,14
LINUS ,14
MAHMOOD ,14
MAHMOUD ,14
MAXIME ,14
MIKEL ,14
MOISHE ,14
MUHSIN ,14
MURTAZA ,14
NAHID ,14
NAIM ,14
NIKLAS ,14
PAVAN ,14
PAWEL ,14
PEARCE ,14
PERCY ,14
RICCARDO ,14
RIYAD ,14
RUI ,14
SHAI ,14
SHAQUILLE ,14
SHAYAAN ,14
STORM ,14
SUKHRAJ ,14
SULEMAN ,14
TOBI ,14
VISHAL ,14
YAHYE ,14
YAMIN ,14
YOSEF ,14
YURI ,14
ZAKARY ,14
AARAN ,13
AAYUSH ,13
ABDULKADIR ,13
ABHINAV ,13
AHYAN ,13
AMR ,13
ARIN ,13
ARIYAN ,13
ARTUR ,13
BAILY ,13
BECK ,13
BRADLEE ,13
CAILEN ,13
CEM ,13
CONSTANTINE ,13
DAANYAAL ,13
DARSHAN ,13
DAVEY ,13
DAWOOD ,13
DEVIN ,13
DONTE ,13
DYLON ,13
EESAA ,13
ENRICO ,13
EOGHAN ,13
ERNIE ,13
GIANNI ,13
GLENN ,13
GWILYM ,13
HAKEEM ,13
HUEY ,13
IHSAAN ,13
IMAAD ,13
ISHMAEL ,13
IZAK ,13
JOAQUIN ,13
JOBY ,13
JOWAN ,13
KASHIF ,13
KENZO ,13
KRZYSZTOF ,13
LARS ,13
LESLIE ,13
MALACHAI ,13
MARCOS ,13
MARIUS ,13
MARTYN ,13
MATTHIEU ,13
MELVIN ,13
MIKAIL ,13
NEHEMIAH ,13
NOLAN ,13
OCEAN ,13
OMARION ,13
OREN ,13
OWYN ,13
PARSA ,13
PIRAN ,13
RAGHAV ,13
RAMON ,13
REHMAN ,13
ROCKY ,13
SALAH ,13
SAXON ,13
SIDDHARTH ,13
TALHAH ,13
TANAKA ,13
TEON ,13
TOMMIE ,13
TYRON ,13
UZAYR ,13
VINAY ,13
WIL ,13
ZACHARIA ,13
ZINEDINE ,13
ZUHAIR ,13
AAQIB ,12
ABDALLA ,12
AERON ,12
ANDERSON ,12
ANEES ,12
ARCHY ,12
ASIF ,12
AUGUSTINE ,12
AUGUSTUS ,12
AYDAN ,12
AYYUB ,12
BAYLEE ,12
BLAISE ,12
BOBBI ,12
CAILAN ,12
CLARENCE ,12
COHAN ,12
CORIN ,12
CYPRIAN ,12
DAVIS ,12
DERRY ,12
DESMOND ,12
DIMITRI ,12
DONTAE ,12
EESAH ,12
ELVIN ,12
ENES ,12
ENIS ,12
FRANKLYN ,12
GORDON ,12
GRIFFIN ,12
HAMMAAD ,12
HARVEER ,12
HASHIR ,12
HAYDAN ,12
HENDRIX ,12
ILIAS ,12
IVO ,12
JABIR ,12
JARROD ,12
JASRAJ ,12
JOBE ,12
JOHANNES ,12
JOHNSON ,12
JOSEFF ,12
KABIR ,12
KACEY ,12
KADYN ,12
KALEM ,12
KARANVEER ,12
KEIAN ,12
KIENAN ,12
KIMI ,12
KOBIE ,12
KYAL ,12
LEONIDAS ,12
LLEWELLYN ,12
LOIC ,12
LOKI ,12
MACK ,12
MAKSIM ,12
MATTY ,12
MUBARAK ,12
NATAN ,12
NATHANIAL ,12
PADRAIG ,12
PASCAL ,12
QAIS ,12
QUINLAN ,12
RAFI ,12
RAIF ,12
RALPHIE ,12
RAMI ,12
RAMONE ,12
RASHID ,12
RAVI ,12
RITCHIE ,12
ROHAIL ,12
ROKAS ,12
ROSCOE ,12
RUARI ,12
RUBIN ,12
SAMAD ,12
SAWYER ,12
SHAHEER ,12
SIRAJ ,12
SOFIAN ,12
SULEIMAN ,12
TAFARI ,12
TALIESIN ,12
TAMIM ,12
TANVEER ,12
TINOTENDA ,12
TRISTON ,12
TYSON ,12
YANNICK ,12
ZAHIR ,12
ZHI ,12
ADI ,11
AKBAR ,11
ALBERTO ,11
ALEKSANDR ,11
ALISTER ,11
AMIT ,11
ANKIT ,11
ANSH ,11
AREEB ,11
ARMANDAS ,11
ARNOLD ,11
AYUUB ,11
AZAD ,11
AZEEM ,11
AZIZ ,11
BALRAJ ,11
BLUE ,11
CARRICK ,11
CASSIAN ,11
CLARKE ,11
COBEY ,11
COEN ,11
DARWIN ,11
DAYTON ,11
DINO ,11
EDIZ ,11
ELIEZER ,11
ENOCH ,11
ENRIQUE ,11
FAHD ,11
GERRY ,11
GETHYN ,11
GLEN ,11
GRADY ,11
GURVEER ,11
HADYN ,11
HAMAD ,11
HANS ,11
HARISH ,11
HOWARD ,11
HUGHIE ,11
HUNTER ,11
IKRAM ,11
ILAN ,11
ISAAK ,11
JEDIDIAH ,11
KAEL ,11
KAILAN ,11
KALE ,11
KAYAN ,11
KAZI ,11
KEGAN ,11
KELLEN ,11
KELSEY ,11
KHAI ,11
KUSHAL ,11
KWAKU ,11
LEMUEL ,11
LEWI ,11
LIONEL ,11
LLEWELYN ,11
LUCIANO ,11
MANVIR ,11
MATTIA ,11
MAZIN ,11
MIKAEL ,11
NAHOM ,11
NASEEM ,11
NICK ,11
OLUWANIFEMI ,11
OMER ,11
PRANAY ,11
ROGER ,11
ROHAAN ,11
ROMAIN ,11
SEB ,11
SERGIO ,11
SHAHZAIB ,11
SHAMAR ,11
SHILOH ,11
SHIMON ,11
SHUAIB ,11
SHUAYB ,11
SUDAIS ,11
SUHAYL ,11
TAAHA ,11
TIGER ,11
TOMMASO ,11
TOMMYLEE ,11
TYLAN ,11
TYLER-JAY ,11
USAYD ,11
UTHMAN ,11
VARUN ,11
VAUGHN ,11
VED ,11
WASIM ,11
ZACKERY ,11
ZAYAAN ,11
ZEPHANIAH ,11
ZI ,11
ABDEL ,10
ABDIMALIK ,10
ABHISHEK ,10
ABU-BAKR ,10
ADYAN ,10
AHNAF ,10
AJANI ,10
AKEEL ,10
AKIVA ,10
AL ,10
ALEEM ,10
ALFY ,10
ALIEU ,10
AMAAD ,10
ASHVIN ,10
AUM ,10
AVROHOM ,10
BASIL ,10
BJORN ,10
BO ,10
BRAEDEN ,10
BRINLEY ,10
BRYNLEY ,10
BURAK ,10
CAEL ,10
CAMDEN ,10
CASPIAN ,10
CAVALLI ,10
CEEJAY ,10
CHANDLER ,10
CHARLEE ,10
CIARON ,10
CLIFFORD ,10
CONNELL ,10
CYNAN ,10
DAINTON ,10
DANIELE ,10
DARIO ,10
DAUD ,10
DESHAWN ,10
DESTINY ,10
DEVANTE ,10
DHILLON ,10
DONTAY ,10
DOV ,10
EBRAHIM ,10
ED ,10
EDDY ,10
FARAZ ,10
FARUQ ,10
FEDERICO ,10
FELIPE ,10
FERDINAND ,10
FINNEGAN ,10
FLYN ,10
FURKAN ,10
FYNLAY ,10
GIL ,10
GRUFFUDD ,10
GURPREET ,10
HAMED ,10
HANIF ,10
HAO ,10
HARJOT ,10
HARLIE ,10
HAYTHAM ,10
INDIANA ,10
J ,10
JAD ,10
JAHIEM ,10
JALAL ,10
JARRAD ,10
JAVAN ,10
JAVON ,10
JAYLAN ,10
JAYME ,10
JEFFERSON ,10
JERICHO ,10
JOACHIM ,10
JOASH ,10
JOHANN ,10
JORDEN ,10
KAIRO ,10
KALVIN ,10
KAMARI ,10
KHUSH ,10
KODIE ,10
KRIS ,10
KWABENA ,10
LUQMAAN ,10
MACSEN ,10
MALICK ,10
MANI ,10
MIKAEEL ,10
MUNASHE ,10
MUZZAMMIL ,10
MYRON ,10
NAHUM ,10
NAJIB ,10
NASIM ,10
NATANIEL ,10
NILE ,10
OBI ,10
OMID ,10
OSSIAN ,10
OZAN ,10
PANASHE ,10
PARKER ,10
PATRIK ,10
REEVE ,10
REUEL ,10
REYHAN ,10
RIORDAN ,10
RISHABH ,10
RIYAN ,10
RODNEY ,10
RUSHIL ,10
RYLEIGH ,10
SALAHUDDIN ,10
SHABAZ ,10
STANISLAW ,10
SUFIYAN ,10
SUHAIB ,10
TAREK ,10
TATENDA ,10
TAUHEED ,10
TAYO ,10
TEGAN ,10
THOR ,10
TJAY ,10
TRAE ,10
TYRESSE ,10
TYRIQUE ,10
VIKTOR ,10
VIVEK ,10
WASSIM ,10
WILIAM ,10
YAKOV ,10
YASSINE ,10
YASSIR ,10
YITZCHOK ,10
YUSAF ,10
ZAINE ,10
ZAVIER ,10
ZEESHAAN ,10
ZIDAN ,10
ZISHAN ,10
ZUHAYR ,10
AARRON ,9
ABD ,9
ABDIRAHIM ,9
ACER ,9
ADNAAN ,9
AIMAN ,9
AINSLEY ,9
AJ ,9
ALBAN ,9
ALBIN ,9
ALEXANDRU ,9
ALEXEI ,9
ALIX ,9
ALPHA ,9
AMANDEEP ,9
ANEIRIN ,9
ANGEL ,9
ANH ,9
AQIL ,9
ARAFAT ,9
ARI ,9
ARIEL ,9
AUBREY ,9
AVI ,9
BARNABAS ,9
BASHIR ,9
BERDAN ,9
BERTRAM ,9
BILLY-JOE ,9
BOBBY-LEE ,9
BROOKE ,9
CALAN ,9
CAN ,9
CAOLAN ,9
CARLTON ,9
CASSIDY ,9
CHRISTIANO ,9
CLINTON ,9
CLIVE ,9
COBI ,9
COEL ,9
CONAL ,9
CORBYN ,9
DAKOTA ,9
DAWOUD ,9
DEEP ,9
DERON ,9
DHIREN ,9
DJANGO ,9
DOMANTAS ,9
DOMAS ,9
DONNELL ,9
DOUGAL ,9
DOVYDAS ,9
DRAVEN ,9
DUDLEY ,9
DUKE ,9
EBRIMA ,9
ELYAS ,9
EMLYN ,9
ERION ,9
ERON ,9
ERVIN ,9
FARHAD ,9
FAYSAL ,9
FAYZAN ,9
FERNANDO ,9
FINIAN ,9
FRASIER ,9
GERAINT ,9
GHULAM ,9
GIORGIO ,9
GRAHAM ,9
GREG ,9
GUSTAVO ,9
HANNAN ,9
HARRIE ,9
HARVIN ,9
HARVIR ,9
HAYDAR ,9
HAYYAN ,9
HENRIQUE ,9
HISHAAM ,9
HUXLEY ,9
HYWEL ,9
IAIN ,9
IESA ,9
IHSAN ,9
ILYA ,9
IMTIAZ ,9
ISIAH ,9
JADAN ,9
JADYN ,9
JAIDON ,9
JALEN ,9
JAYDYN ,9
JAZZ ,9
JET ,9
JIBREEL ,9
JOHNATHON ,9
JOSHUAH ,9
JUDD ,9
JULIEN ,9
JUSTICE ,9
KAIS ,9
KALAN ,9
KALEN ,9
KASPAR ,9
KELAN ,9
KENNEDY ,9
KENZI ,9
KEYAN ,9
KI ,9
KIEAN ,9
KIEN ,9
KIM ,9
KOLE ,9
LAITON ,9
LARRY ,9
LEYLAND ,9
LUIGI ,9
MALEK ,9
MANPREET ,9
MANUEL ,9
MARCELLO ,9
MARLIE ,9
MASUD ,9
MAXX ,9
MEMPHIS ,9
MILLAN ,9
MORDECHAI ,9
MUHAMMOD ,9
MUKHTAR ,9
NASSER ,9
NAVEED ,9
NAYAN ,9
NICKY ,9
NIKODEM ,9
ODIN ,9
OLAF ,9
OLUWADAMILARE ,9
OLUWADAMILOLA ,9
OLUWAMAYOWA ,9
OLUWATIMILEHIN ,9
PAULO ,9
PEREZ ,9
PIP ,9
RADLEY ,9
RAHAT ,9
RAHEEL ,9
RAOUL ,9
RED ,9
REN ,9
ROMANO ,9
ROONEY ,9
RUAN ,9
RYAAN ,9
SAFWAAN ,9
SAIFULLAH ,9
SAMEE ,9
SARIM ,9
SEYED ,9
SHAKEEL ,9
SHAYDEN ,9
SHAYDON ,9
SHLOK ,9
SHLOMO ,9
SHREY ,9
SIMBARASHE ,9
SULIMAN ,9
TAHSIN ,9
TAKUDZWA ,9
TALVIN ,9
TARIK ,9
TAYE ,9
THEOPHILUS ,9
TITAS ,9
TOBIE ,9
TOBIN ,9
TRE ,9
TREVOR ,9
TYRAN ,9
TZVI ,9
UBAYD ,9
VERNON ,9
WARRICK ,9
WOJCIECH ,9
YANIS ,9
YAQOOB ,9
YI ,9
ZEKE ,9
ZEYAD ,9
ZIA ,9
ZUHAIB ,9
ZURIEL ,9
AARIZ ,8
AASHIR ,8
ABDUR-RAHEEM ,8
ABHAY ,8
ABIR ,8
ADHAM ,8
AJMAL ,8
ALBION ,8
ALDO ,8
ALFIE-JAY ,8
ALFREDO ,8
ALISDAIR ,8
ALLY ,8
AMAL ,8
AMANVIR ,8
AMBROSE ,8
AMMAN ,8
ANAKIN ,8
ANAND ,8
ANIRUDH ,8
ANSON ,8
ARASH ,8
ARSALAN ,8
ARSH ,8
ARYAMAN ,8
ASHISH ,8
ATTICUS ,8
AZHAR ,8
BADEN ,8
BENAS ,8
BENSON ,8
BENYAMIN ,8
BLAYNE ,8
BLU ,8
BODIE ,8
BRAM ,8
BRIGHT ,8
BRODEN ,8
BRYSON ,8
C ,8
CAIAN ,8
CAYLAN ,8
CHEY ,8
CLAY ,8
COBAIN ,8
COBAN ,8
COLT ,8
CONAN ,8
CONNA ,8
CONNAR ,8
COURTNEY ,8
DAMION ,8
DASHIELL ,8
DEANO ,8
DERMOT ,8
DESHAUN ,8
DIAGO ,8
DOMINICK ,8
EDUARD ,8
ELTON ,8
EMRYS ,8
ESAH ,8
EWEN ,8
FAVOUR ,8
FERGAL ,8
FINDLEY ,8
FINNBAR ,8
FORD ,8
FREDRIC ,8
GAURAV ,8
GODFREY ,8
HABEEB ,8
HAITHAM ,8
HAKIM ,8
HARLEM ,8
HARPER ,8
HARPREET ,8
HASSAAN ,8
HASSNAIN ,8
HATIM ,8
HEZEKIAH ,8
HUSAM ,8
JAE ,8
JAVED ,8
JAXSON ,8
JAY-JAY ,8
JEFF ,8
JESSIE ,8
JOHNNIE ,8
KAIDON ,8
KAILEN ,8
KEI ,8
KEIREN ,8
KENDALL ,8
KENDRICK ,8
KHALEEL ,8
KHIZAR ,8
KINGSTON ,8
KOEN ,8
KYNAN ,8
KYREN ,8
LATRELL ,8
LAWAND ,8
LAYNE ,8
LUCUS ,8
LUI ,8
LYSANDER ,8
MACAULAY ,8
MADISON ,8
MAMADOU ,8
MANSOOR ,8
MATHEUS ,8
MATHIAS ,8
MATIAS ,8
MATIN ,8
MAVERICK ,8
MAWGAN ,8
MAXIMILIEN ,8
MCCAULEY ,8
MEHRAB ,8
MEIR ,8
MERLIN ,8
MIKA ,8
MOHID ,8
MOIN ,8
MOMIN ,8
MORRIS ,8
MUJTABA ,8
MUNIB ,8
NEVAN ,8
NIHAAL ,8
NIKOLAOS ,8
NYASHA ,8
OLAMIDE ,8
OLUWASEYI ,8
PAVANDEEP ,8
PAVEL ,8
PELE ,8
QUENTIN ,8
RAHIL ,8
RAIFE ,8
RAJ ,8
RALF ,8
RALFIE ,8
RAM ,8
RAMAN ,8
RAMSAY ,8
RANA ,8
RAVEN ,8
RAYNE ,8
RIDLEY ,8
RONI ,8
RONIN ,8
SADIQ ,8
SAHIR ,8
SALMAAN ,8
SALVATORE ,8
SHAD ,8
SHALOM ,8
SHREYAS ,8
SOLOMAN ,8
STIRLING ,8
SUJAL ,8
SULAIMAAN ,8
SURAJ ,8
SYD ,8
TAFADZWA ,8
TEJ ,8
TEODOR ,8
TERELL ,8
THAI ,8
THANH ,8
TIAN ,8
TIMUR ,8
TOR ,8
TRAI ,8
TYREE ,8
UMER ,8
UMUT ,8
USAID ,8
VIRAJ ,8
WASEEM ,8
WILLOUGHBY ,8
WINSTON ,8
XIN ,8
YAD ,8
YANNIS ,8
YONI ,8
YOUNUS ,8
YUNIS ,8
ZAKARIAH ,8
ZEBEDEE ,8
ZENO ,8
ZESHAN ,8
ZIAD ,8
AARUSH ,7
ABDUL-RAHEEM ,7
ABDUS ,7
ABE ,7
AFFAN ,7
AFONSO ,7
AKIF ,7
AKIRA ,7
ALEKSANDAR ,7
ALEXANDA ,7
ALEXZANDER ,7
ALFIE-LEE ,7
ALLEN ,7
AMRAN ,7
ANAY ,7
ANDERS ,7
ANDI ,7
ANDREA ,7
ANDRES ,7
ANESU ,7
ANIL ,7
ANIQ ,7
ANS ,7
ANSEL ,7
AODHAN ,7
ARHAM ,7
ARLEN ,7
ARMANDO ,7
ARSHAD ,7
ARSLAN ,7
ART ,7
ARTIN ,7
ASHLEE ,7
AYODEJI ,7
AZAN ,7
AZIM ,7
BADER ,7
BAILEE ,7
BAILIE ,7
BENITO ,7
BENN ,7
BERNARDO ,7
BILLIE ,7
BODEN ,7
BORAN ,7
BRADLEIGH ,7
BRANNON ,7
BRYNN ,7
BURHAN ,7
BYRAN ,7
CAMERAN ,7
CANAAN ,7
CASS ,7
CAYDON ,7
CEDRIC ,7
CERI ,7
CHANCE ,7
CHRISTO ,7
CLAUDE ,7
CLINT ,7
CORIE ,7
CORLEY ,7
CYRIL ,7
DAKSH ,7
DANIELIUS ,7
DAOUD ,7
DARIAN ,7
DARRYL ,7
DAVE ,7
DAX ,7
DAYNE ,7
DEMITRI ,7
DENZIL ,7
DERI ,7
DHARAM ,7
DILRAJ ,7
DIMITRIOS ,7
DONNIE ,7
EITAN ,7
EITHAN ,7
EMIRHAN ,7
ERIN ,7
ERROL ,7
ESSA ,7
ESTEBAN ,7
ETHEN ,7
FARDEEN ,7
FARES ,7
FEZAAN ,7
FINLEIGH ,7
FINTON ,7
FLINN ,7
FRAN ,7
FRANCO ,7
FRANZ ,7
FRAZIER ,7
FREDI ,7
GAEL ,7
GAIGE ,7
GARIN ,7
GARRY ,7
GINO ,7
GURJOT ,7
GUSTAV ,7
HAASHIR ,7
HALIL ,7
HAROUN ,7
HAYDER ,7
HUMZAH ,7
IHTISHAM ,7
IKECHUKWU ,7
IMAAN ,7
INDERVEER ,7
INDY ,7
INIOLUWA ,7
IOANNIS ,7
IZAAN ,7
JABARI ,7
JAEDON ,7
JAHMARI ,7
JAMEL ,7
JAYAN ,7
JAYON ,7
JEDD ,7
JEREMIE ,7
JIBRAN ,7
JUSTINAS ,7
KABEER ,7
KAIRON ,7
KARSON ,7
KASRA ,7
KASSIM ,7
KAYDE ,7
KAYSON ,7
KEALAN ,7
KELSON ,7
KELTON ,7
KERIM ,7
KESHAV ,7
KESTER ,7
KEVINAS ,7
KHUBAIB ,7
KIARAN ,7
KIER ,7
KORAY ,7
KOSISOCHUKWU ,7
KWESI ,7
KYREECE ,7
KYRELL ,7
KYRESE ,7
LASZLO ,7
LAYTH ,7
LEELAND ,7
LESTER ,7
LEWIN ,7
LINDON ,7
LLYR ,7
LOCHLANN ,7
LORD ,7
LORIS ,7
LUAN ,7
LYLE ,7
MANSOUR ,7
MARQUES ,7
MATTIAS ,7
MAXIMO ,7
MCKENZI ,7
MIKIE ,7
MILLEN ,7
MIR ,7
MOOSA ,7
MUIZZ ,7
NEAL ,7
NEVIN ,7
NIAM ,7
NII ,7
NISHAN ,7
NOAM ,7
NUMAIR ,7
NUMAN ,7
NYALL ,7
OLAOLUWA ,7
OLLI ,7
OLUWATIMILEYIN ,7
OMARIO ,7
ONUR ,7
OSKA ,7
OTHNIEL ,7
PIETER ,7
PROSPER ,7
RAHMAN ,7
RAIYAN ,7
RAYYAAN ,7
RAZA ,7
REIS ,7
REYAN ,7
RICHMOND ,7
RIDHWAN ,7
RIYADH ,7
ROME ,7
RONALDINHO ,7
RONALDO ,7
ROWEN ,7
RUDRA ,7
RUHAN ,7
SABRI ,7
SAIM ,7
SAJID ,7
SAMAY ,7
SAYEED ,7
SEIF ,7
SHAHAB ,7
SHAHAN ,7
SHAKIR ,7
SHAYON ,7
SHEIK ,7
SIDDHANT ,7
SIMCHA ,7
SKY ,7
SOUL ,7
STANISLAV ,7
STEFANOS ,7
STRUAN ,7
SUFIYAAN ,7
TAKUNDA ,7
TALAL ,7
TAO ,7
TEJAS ,7
TEMILOLUWA ,7
TERRANCE ,7
TERRENCE ,7
TEVIN ,7
TIMO ,7
TOMI ,7
TWM ,7
UBAIDULLAH ,7
UGOCHUKWU ,7
UGUR ,7
VANSH ,7
VIJAY ,7
VISHNU ,7
VLADIMIR ,7
VLADISLAV ,7
WAQAS ,7
WESTON ,7
WILLIS ,7
WISDOM ,7
WOODROW ,7
YACINE ,7
YOEL ,7
ZADE ,7
ZAEEM ,7
ZAMAN ,7
ZAYED ,7
ZEKI ,7
ZEN ,7
ABDUL-RAHMAN ,6
ABDULLA ,6
ABDULLAAH ,6
ABDUR-RAHMAAN ,6
ABUBAKER ,6
ADEEB ,6
ADIT ,6
ADRIEN ,6
AFFAAN ,6
AKHIL ,6
AKIL ,6
AKMAL ,6
AKSHAR ,6
ALEKS ,6
ALFI ,6
ALFIE-JAMES ,6
ALIYU ,6
AMADOU ,6
AMER ,6
ANTWONE ,6
ARAM ,6
ARDIT ,6
ARLEY ,6
ARLIND ,6
ARTAN ,6
ARUNDEEP ,6
ASADULLAH ,6
ASHAR ,6
ASHAZ ,6
ASTIN ,6
AURYN ,6
AWAD ,6
AXL ,6
BAILLIE ,6
BAPTISTE ,6
BARTHOLOMEW ,6
BAXTER ,6
BAYLEIGH ,6
BELAL ,6
BLAZE ,6
BOB ,6
BOLUWATIFE ,6
BRAD-LEE ,6
BRENT ,6
BROCK ,6
BUSTER ,6
CAL ,6
CALE ,6
CAMRAN ,6
CHACE ,6
CHARLY ,6
CHIBUEZE ,6
CIERON ,6
CLAUDIO ,6
COBEN ,6
CY ,6
DAANYAL ,6
DAHIR ,6
DALEY ,6
DALLAS ,6
DAMARI ,6
DANI ,6
DANIYAAL ,6
DARCEY ,6
DARIUSH ,6
DARREL ,6
DAVIDE ,6
DAVY ,6
DE ,6
DEINIOL ,6
DEIVIDAS ,6
DEMARI ,6
DERICK ,6
DERREN ,6
DERRICK ,6
DEVONTAE ,6
DHILAN ,6
DHRU ,6
DIARMUID ,6
DON ,6
DOUGIE ,6
DOVID ,6
DRAKE ,6
DYFAN ,6
EKIN ,6
ELIA ,6
ELIAN ,6
EMAD ,6
EMIN ,6
ERIS ,6
FARID ,6
FAZAL ,6
FILIPE ,6
FIZAAN ,6
FRAISER ,6
GABE ,6
GEORDIE ,6
GEORGIO ,6
GIAN ,6
GIBRIL ,6
GONCALO ,6
GOVIND ,6
GUILHERME ,6
HAKAN ,6
HAMSA ,6
HANZALA ,6
HANZALAH ,6
HARISHAN ,6
HARVINDER ,6
HASANAIN ,6
HAYAN ,6
HAYDYN ,6
HENOCK ,6
HENRIK ,6
HOWIE ,6
HUSAIN ,6
HUSAYN ,6
IAGO ,6
IFEOLUWA ,6
INAYAT ,6
ISAAQ ,6
ISHER ,6
ISHMAIL ,6
ISMAAEEL ,6
JABRIL ,6
JACY ,6
JAHZIAH ,6
JAIMIE ,6
JARELL ,6
JASHAN ,6
JASPREET ,6
JAWAAD ,6
JAYCEE ,6
JAYCOB ,6
JENS ,6
JESS ,6
JESSE-JAMES ,6
JEVON ,6
JIBRAEEL ,6
JJ ,6
JOAKIM ,6
JOB ,6
JOCELYN ,6
JOHNPAUL ,6
JONJO ,6
JONNIE ,6
JOSHUA-JAMES ,6
JULIO ,6
KAILEM ,6
KAIYAN ,6
KALEL ,6
KALIM ,6
KAYDN ,6
KEERAN ,6
KELLY ,6
KEMAR ,6
KENTON ,6
KHAALID ,6
KHAMANI ,6
KHAN ,6
KIEGAN ,6
KING ,6
KOBEY ,6
KOJO ,6
KRAY ,6
KRISTAN ,6
KRISTEN ,6
KWASI ,6
KYDEN ,6
KYERAN ,6
LAMAR ,6
LAURENT ,6
LEANDER ,6
LEART ,6
LEEVI ,6
LEITH ,6
LEVENT ,6
LEVON ,6
LINDEN ,6
LLYWELYN ,6
LORNE ,6
LOUEY ,6
LOVELL ,6
LOWELL ,6
LUDOVIC ,6
LUKASZ ,6
LYDON ,6
LYON ,6
MAHAMAD ,6
MAHEE ,6
MALIKAI ,6
MAN ,6
MANTAS ,6
MARTYNAS ,6
MASSIMILIANO ,6
MAYANK ,6
MENDEL ,6
MIAN ,6
MICAIAH ,6
MICHAEL-JOHN ,6
MOHAMUD ,6
MOHMED ,6
MOUSA ,6
MUAAZ ,6
MUAD ,6
MUADH ,6
MUAZ ,6
MURAD ,6
MURAT ,6
NADEEM ,6
NAFTOLI ,6
NAM ,6
NASH ,6
NASSIR ,6
NATHEN ,6
NAVID ,6
NICOLAI ,6
NILS ,6
NIMA ,6
NISHAAN ,6
NUH ,6
NYAL ,6
NYE ,6
OBINNA ,6
OKAN ,6
OLUWAFEMI ,6
OLUWASEUN ,6
OREOLUWA ,6
ORRY ,6
OSAYANDE ,6
OZAIR ,6
PA ,6
PANAYIOTIS ,6
PERRAN ,6
PRABHJOT ,6
PRAISE ,6
PRATHAM ,6
PREET ,6
QUIN ,6
RAFAL ,6
RAIDEN ,6
RAIHAAN ,6
RAMIN ,6
RANVEER ,6
RASHEED ,6
RAYN ,6
REDFORD ,6
REEHAN ,6
REZWAN ,6
RHUN ,6
RHYCE ,6
RIDWAAN ,6
RIKKI ,6
RISHIKESH ,6
ROBBY ,6
ROMERO ,6
ROYCE ,6
RUBENS ,6
RUMAN ,6
RYAN-LEE ,6
SABIAN ,6
SAFRAZ ,6
SAIFAN ,6
SAIHAAN ,6
SAJAN ,6
SALEM ,6
SALIH ,6
SALVADOR ,6
SAMAR ,6
SAMER ,6
SASCHA ,6
SEKOU ,6
SENAN ,6
SHAHBAZ ,6
SHAHRIYAR ,6
SHAKIB ,6
SHAMARI ,6
SHARIF ,6
SHEMAR ,6
SI ,6
SINA ,6
SOHAM ,6
SOHAN ,6
SONNI ,6
STEFANO ,6
SYLVESTER ,6
SYRUS ,6
TAARIQ ,6
TAHER ,6
TAINE ,6
TAJ ,6
TALAN ,6
TAMJID ,6
TANE ,6
TANISH ,6
TAPIWA ,6
TARYN ,6
TAWANDA ,6
TAWHID ,6
TAYAB ,6
TAYLOR-JAY ,6
TAYLOR-LEE ,6
TEJAN ,6
TEOMAN ,6
TEQUAN ,6
THANDO ,6
THOM ,6
THOMAS-JAMES ,6
TOLULOPE ,6
TOLUWANIMI ,6
TREVON ,6
TRISTIAN ,6
TUDOR ,6
TUSHAR ,6
TYLER-JOHN ,6
TYRELLE ,6
UCHENNA ,6
VIKRAM ,6
WILFRID ,6
XIAO ,6
YAHYAA ,6
YASER ,6
ZACHARI ,6
ZACKARIAH ,6
ZACKARIYA ,6
ZAKARI ,6
ZAKARIYAH ,6
ZEPHYR ,6
ZESHAAN ,6
ZICO ,6
ZIYAAD ,6
ZVI ,6
A ,5
A-JAY ,5
AARYA ,5
AASIM ,5
ABAAS ,5
ABDELLAH ,5
ABDELRAHMAN ,5
ABDIAZIZ ,5
ABDULKARIM ,5
ABDULRAHEEM ,5
ABIDUR ,5
ABUL ,5
ABYAN ,5
ACHILLES ,5
ADETOKUNBO ,5
ADLEY ,5
ADONAI ,5
ADRIEL ,5
AHARON ,5
AJAI ,5
AJEET ,5
ALBI ,5
ALDEN ,5
ALEXANDAR ,5
ALEXEY ,5
ALFIE-JOE ,5
ALFONSO ,5
ALIM ,5
ALLISTER ,5
ALUN ,5
AMAD ,5
AMANVEER ,5
AMEN ,5
AMINE ,5
ANESS ,5
ANOOP ,5
ANTONIOS ,5
ANUSH ,5
ARAV ,5
ARBER ,5
ARIA ,5
ARIS ,5
ARKADIUSZ ,5
ARMAND ,5
ARQAM ,5
ARSHIA ,5
ARYEH ,5
ASHA ,5
AUGUST ,5
AUGUSTAS ,5
AVINASH ,5
AVRAHAM ,5
AWAB ,5
AYAZ ,5
AYODELE ,5
AYOMIKUN ,5
BABY ,5
BARIS ,5
BARTEK ,5
BARTLOMIEJ ,5
BASIT ,5
BEDE ,5
BENAIAH ,5
BENI ,5
BENTON ,5
BILLAL ,5
BLAIR ,5
BOE ,5
BORYS ,5
BOWEN ,5
BRACKEN ,5
BRAEDON ,5
BRAY ,5
CAERWYN ,5
CAIRAN ,5
CALLAGHAN ,5
CALLEN ,5
CALLUM-JAMES ,5
CALLUN ,5
CAMARON ,5
CAMBELL ,5
CAMREN ,5
CANE ,5
CELT ,5
CELYN ,5
CEMLYN ,5
CESAR ,5
CHARAN ,5
CHARBEL ,5
CHARLIE-JACK ,5
CHARLTON ,5
CHEN ,5
CHENG ,5
CHINEDU ,5
CHINONSO ,5
CHIRAG ,5
CHRISTIAAN ,5
CHUKWUEBUKA ,5
CJ ,5
COLBEY ,5
COLTON ,5
CORNELIUS ,5
CORRAN ,5
CRISPIN ,5
DAGAN ,5
DAITON ,5
DAMILOLA ,5
DANA ,5
DANIELS ,5
DANILO ,5
DARAGH ,5
DARIEN ,5
DAVI ,5
DAVIAN ,5
DEEGAN ,5
DEIAN ,5
DEIO ,5
DELANO ,5
DENIRO ,5
DENON ,5
DERYN ,5
DEVESH ,5
DIEZEL ,5
DIOR ,5
DJIBRIL ,5
DOMENIC ,5
DONELL ,5
DONNEL ,5
DONNY ,5
DRU ,5
EAMONN ,5
EARL ,5
EASON ,5
EDOARDO ,5
EGAN ,5
EGE ,5
EHREN ,5
EHSAAN ,5
EJAZ ,5
ELIE ,5
ELION ,5
ELIOTT ,5
ELWOOD ,5
ERICK ,5
ERJON ,5
ERMAL ,5
EVANDER ,5
FAARIS ,5
FABRIZIO ,5
FAREED ,5
FARLEY ,5
FARREN ,5
FAWWAZ ,5
FEROZ ,5
FERRIS ,5
FEZAN ,5
FIDEL ,5
FINBARR ,5
FINLEE ,5
FIZAN ,5
FLINT ,5
GABRIELE ,5
GAVRIEL ,5
GENT ,5
GIO ,5
GIOVANI ,5
GRACJAN ,5
GRAEME ,5
GRIFF ,5
GRUFF ,5
GRZEGORZ ,5
GULAM ,5
GURDEV ,5
GURKIRAT ,5
GURSEWAK ,5
HAADI ,5
HADEN ,5
HAFEEZ ,5
HAFIZ ,5
HAGEN ,5
HALLAM ,5
HAMDAN ,5
HAMIM ,5
HAMSE ,5
HANI ,5
HARAN ,5
HARESH ,5
HARJEEVAN ,5
HARLEIGH ,5
HARLEN ,5
HARTLEY ,5
HARVEY-JAY ,5
HASHAM ,5
HASIB ,5
HAYAAN ,5
HAYYAAN ,5
HAZIQ ,5
HONG ,5
HUMAID ,5
HUMPHREY ,5
HUZAYFAH ,5
IGNAS ,5
IJAZ ,5
IKE ,5
INDIGO ,5
ISHE ,5
IZAC ,5
JACE ,5
JACKIE ,5
JAGRAJ ,5
JAGROOP ,5
JAHAN ,5
JAHEEM ,5
JAMAINE ,5
JAMARI ,5
JATHUSHAN ,5
JAYDEN-LEE ,5
JAYJAY ,5
JAYKE ,5
JAZIB ,5
JEAN-PIERRE ,5
JELANI ,5
JEORGE ,5
JERMAIN ,5
JIE ,5
JIN ,5
JOBEY ,5
JON-PAUL ,5
JORDI ,5
JOS ,5
JOSHAN ,5
JOTHAM ,5
KACI ,5
KADAN ,5
KADIR ,5
KADON ,5
KAELEM ,5
KAELEN ,5
KAIAN ,5
KAIRAN ,5
KAISER ,5
KAITO ,5
KAIUS ,5
KALID ,5
KALONJI ,5
KAMERAN ,5
KANG ,5
KARUN ,5
KAWSAR ,5
KAYLEN ,5
KAYRA ,5
KAZIM ,5
KEANAN ,5
KEANEN ,5
KEANO ,5
KELECHI ,5
KEN ,5
KENDAL ,5
KENZY ,5
KERON ,5
KES ,5
KEVAN ,5
KEVON ,5
KHADAR ,5
KHIAN ,5
KHUSHAL ,5
KIANO ,5
KIELAN ,5
KIERRAN ,5
KIPP ,5
KIYA ,5
KONNER ,5
KONSTANTINOS ,5
KY ,5
KYI ,5
KYON ,5
LAYLAND ,5
LE ,5
LEI ,5
LEKAI ,5
LEONEL ,5
LEOPOLD ,5
LEUAN ,5
LI ,5
LINTON ,5
LUDO ,5
LUIZ ,5
LUTHER ,5
MABON ,5
MAHAMMAD ,5
MAHFUZUR ,5
MAJID ,5
MALAKHI ,5
MANISH ,5
MARCELLUS ,5
MARCIN ,5
MASON-LEE ,5
MATEJ ,5
MATTI ,5
MAXI ,5
MAYOWA ,5
MCAULEY ,5
MCKENNA ,5
MEHUL ,5
MEKAI ,5
MESHACH ,5
METE ,5
MICHEE ,5
MIHIR ,5
MIKKI ,5
MILAD ,5
MILEY ,5
MILOSZ ,5
MINHAJ ,5
MIRO ,5
MISHA ,5
MITCH ,5
MITUL ,5
MOEEZ ,5
MOHAMMUD ,5
MOHIT ,5
MOHMMED ,5
MOIZ ,5
MOMODOU ,5
MOSS ,5
MOSTAFA ,5
MUAAD ,5
MUBASHIR ,5
MUHAMAD ,5
MUNIR ,5
MUSE ,5
NADAV ,5
NAFTALI ,5
NAHIM ,5
NARYAN ,5
NASSIM ,5
NAWAZ ,5
NAZIR ,5
NEVILLE ,5
NICKOLAS ,5
NICOLAAS ,5
NICOLO ,5
NIKO ,5
NIKOLA ,5
NITHIN ,5
NNAEMEKA ,5
NNAMDI ,5
NOE ,5
NUNO ,5
OBAID ,5
ODERA ,5
ODHRAN ,5
OJAS ,5
OLADIPUPO ,5
OLI ,5
OLUMIDE ,5
OLUWADEMILADE ,5
OLUWAPELUMI ,5
OLUWASEGUN ,5
OLUWATOMISIN ,5
OLUWATOMIWA ,5
ORLY ,5
OSAMA ,5
OZZIE ,5
PAPA ,5
PHEONIX ,5
PHILEMON ,5
PIYUSH ,5
PRABH ,5
PRABHDEEP ,5
PRAVEEN ,5
PRAVIN ,5
PRIYAN ,5
PRIYESH ,5
PROMISE ,5
QAYS ,5
QUINTON ,5
RAE ,5
RAFFI ,5
RAFIQ ,5
RAHEES ,5
RAHEIM ,5
RAIS ,5
RAMY ,5
RANDY ,5
RANJIT ,5
RASHAD ,5
RASHAUN ,5
REACE ,5
REDWAN ,5
REED ,5
REG ,5
REMEL ,5
RENE ,5
RHYLEE ,5
RHYSE ,5
RIAD ,5
RIKO ,5
RION ,5
RISHAN ,5
RITVIK ,5
RODERICK ,5
RODI ,5
ROHAT ,5
ROMAAN ,5
RON ,5
RONAK ,5
RYHAN ,5
RYLAND ,5
SAAHIL ,5
SAFYAN ,5
SAHAND ,5
SAHIN ,5
SAIFUL ,5
SAKARIYE ,5
SAKIB ,5
SAMET ,5
SAMPSON ,5
SAMY ,5
SANAD ,5
SARDAR ,5
SAYID ,5
SEBASTIANO ,5
SEFA ,5
SHAHMEER ,5
SHAKIL ,5
SHAKUR ,5
SHAN ,5
SHARJEEL ,5
SHAYA ,5
SHAYLAN ,5
SHAZIL ,5
SHEM ,5
SHIHAB ,5
SIAM ,5
SINAN ,5
SOLLY ,5
SUFIAN ,5
SUNIL ,5
SWAYAM ,5
SYLVAN ,5
TADIWA ,5
TADIWANASHE ,5
TAFARA ,5
TAHMEED ,5
TAHSEEN ,5
TAITE ,5
TAIWO ,5
TAMIR ,5
TANAY ,5
TAUSEEF ,5
TAWANA ,5
TAY ,5
TAYLA ,5
TAYTE ,5
TAYYEB ,5
TEE-JAY ,5
TEIFION ,5
TEMITAYO ,5
TEMITOPE ,5
TENNYSON ,5
THABISO ,5
THABO ,5
THEODEN ,5
THEODOR ,5
THEODOROS ,5
THOMAS-JAY ,5
TILAK ,5
TIMMY ,5
TOLUWANI ,5
TOMER ,5
TOMMI ,5
TRISTIN ,5
TYLAR ,5
TYMON ,5
TYRECE ,5
TYREL ,5
TYRONNE ,5
TYRUS ,5
UBAYDULLAH ,5
UNAYS ,5
USAMA ,5
VICENTE ,5
VICTORY ,5
VIGGO ,5
VINEET ,5
VIREN ,5
WALLACE ,5
WAQAR ,5
WASIF ,5
WASIL ,5
WEI ,5
WILBUR ,5
WILLOW ,5
WING ,5
XU ,5
YAASEEN ,5
YAN ,5
YANN ,5
YASAR ,5
YAW ,5
YECHIEL ,5
YIGIT ,5
YING ,5
YONAS ,5
YONATAN ,5
YOSSI ,5
YOUNESS ,5
YUG ,5
YUN ,5
ZACHARIE ,5
ZAKARIYE ,5
ZED ,5
ZEDEKIAH ,5
ZORAN ,5
AADITYA ,4
AAHIL ,4
AARUN ,4
ABDIFATAH ,4
ABDIQANI ,4
ABDIRAHMAAN ,4
ABDIRIZAK ,4
ABDISAMAD ,4
ABDISHAKUR ,4
ABDOU ,4
ABDOULIE ,4
ABDUL- ,4
ABDULMALIK ,4
ABDULQADIR ,4
ABDUSSALAM ,4
ABHI ,4
ABHIRAM ,4
ABINASH ,4
ABISHEK ,4
ABRAHIM ,4
ABRAR ,4
ABU-BAKAR ,4
ADA ,4
ADAR ,4
ADEDAMOLA ,4
ADEDAPO ,4
ADEMIDE ,4
ADIB ,4
ADITHYA ,4
ADIY ,4
ADONIS ,4
ADVAY ,4
AEDDAN ,4
AFTAB ,4
AFZAL ,4
AHREN ,4
AHRON ,4
AHSANUL ,4
AHYAAN ,4
AJWAD ,4
AKAASH ,4
AKAM ,4
AKIN ,4
AKSHAT ,4
AL-AMIN ,4
ALAIN ,4
ALEKSEI ,4
ALF ,4
ALIREZA ,4
ALISTAR ,4
ALONSO ,4
ALVARO ,4
AMADU ,4
AMARDEEP ,4
AMARION ,4
AMARJOT ,4
AMARU ,4
AMIEL ,4
AMJAD ,4
AMON ,4
AMRIK ,4
ANDREJ ,4
ANEEQ ,4
ANES ,4
ANNAS ,4
ANUJ ,4
ANUSHAN ,4
ANWAAR ,4
ARAFATH ,4
ARBAAZ ,4
ARJEN ,4
ARLIE ,4
ARNAS ,4
ARNIE ,4
ARSHDEEP ,4
ARSLAAN ,4
ARTURS ,4
ARVIND ,4
ASHTON-JAMES ,4
ASHVEER ,4
ATILLA ,4
AYDON ,4
AYMAAN ,4
AYOKUNLE ,4
AYOTUNDE ,4
AYYAN ,4
BABATUNDE ,4
BARON ,4
BENJI ,4
BENTLEY ,4
BERAT ,4
BERKAN ,4
BEVIN ,4
BINYAMEEN ,4
BLADEN ,4
BLAKELEY ,4
BLEDDYN ,4
BOAZ ,4
BOBBY-JOE ,4
BORA ,4
BRADIE ,4
BRADLY ,4
BRAIDON ,4
BRAYDAN ,4
BRENNEN ,4
BRENTON ,4
BRODI ,4
BRONSON ,4
BRYCHAN ,4
BRYDON ,4
CAEDEN ,4
CAERON ,4
CAGAN ,4
CAIDE ,4
CAIDON ,4
CAMILO ,4
CANER ,4
CARMINE ,4
CASH ,4
CAVELL ,4
CEE-JAY ,4
CEIRAN ,4
CELLAN ,4
CEMAL ,4
CHAI ,4
CHARLI ,4
CHAUDHRY ,4
CHAYSE ,4
CHIMA ,4
CHINEDUM ,4
CHRISTAN ,4
CHUKWUEMEKA ,4
CHUN ,4
CIABHAN ,4
CJAY ,4
CLYDE ,4
CONSTANTINOS ,4
CORAN ,4
COREY-LEE ,4
CORTEZ ,4
COSIMO ,4
CRAWFORD ,4
CROYDE ,4
CUBA ,4
CYLE ,4
D'ANDRE ,4
DAKARAI ,4
DANIIL ,4
DANIL ,4
DANNY-LEE ,4
DARSH ,4
DASTAN ,4
DAVON ,4
DAYYAN ,4
DEAKON ,4
DEANGELO ,4
DEJAN ,4
DEMANI ,4
DEMETRIOS ,4
DENHOLM ,4
DENIM ,4
DESTIN ,4
DEVLIN ,4
DEVRAJ ,4
DEYAN ,4
DHANISH ,4
DHILLAN ,4
DILHAN ,4
DILLION ,4
DIMITRIJE ,4
DINESH ,4
DOMENICO ,4
DOMONIC ,4
DOYLE ,4
DRAY ,4
DREN ,4
DUANE ,4
DYLAN-JAMES ,4
EDEM ,4
EDON ,4
EDVINAS ,4
EKAM ,4
ELIO ,4
ELIYAHU ,4
ELWYN ,4
ELY ,4
EMERY ,4
EMILIANO ,4
EMILIS ,4
EMMETT ,4
EMYR ,4
ENGIN ,4
ERAY ,4
ERIKAS ,4
ERNESTAS ,4
EROL ,4
ERWIN ,4
EVANN ,4
EVYN ,4
EYTAN ,4
FAKHIR ,4
FAROUK ,4
FERAS ,4
FINNIGAN ,4
FOLARIN ,4
FOX ,4
FRANCK ,4
FRANKO ,4
FREDERICO ,4
FREY ,4
FURQAAN ,4
FURQAN ,4
GABRIELIUS ,4
GAGAN ,4
GAGANDEEP ,4
GAIUS ,4
GARV ,4
GED ,4
GEORGI ,4
GRADI ,4
GRAY ,4
GRAYSON ,4
GREGG ,4
GRIFFITH ,4
GUNEY ,4
GURSAHIB ,4
GURSEVAK ,4
HALEEM ,4
HAN ,4
HANEEF ,4
HANSEL ,4
HARDEEP ,4
HARLEY-JAY ,4
HARSHIL ,4
HASAAN ,4
HATTON ,4
HAZAR ,4
HESTON ,4
HIREN ,4
HOLDEN ,4
HUDHAIFA ,4
HUMAYUN ,4
HUSAAM ,4
HUSSIEN ,4
HUSSNAIN ,4
IKRAAM ,4
IMTIYAZ ,4
INAAM ,4
INNES ,4
IORI ,4
IRFAAN ,4
IS'HAAQ ,4
ISAA ,4
ISAC ,4
ISAH ,4
ISAK ,4
ISAM ,4
ISKANDER ,4
ITAI ,4
JABEZ ,4
JACEK ,4
JACKY ,4
JACQUE ,4
JAFAR ,4
JAGVEER ,4
JAHMAI ,4
JAHMAL ,4
JAIDEEP ,4
JAIDEV ,4
JAIRAJ ,4
JALIL ,4
JAMAR ,4
JARETH ,4
JAROD ,4
JASDEEP ,4
JASE ,4
JASPAR ,4
JASVEER ,4
JAVEN ,4
JAY-J ,4
JAYE ,4
JAYEN ,4
JAYMIE ,4
JAYMZ ,4
JEAN-PAUL ,4
JEDIAH ,4
JEFFERY ,4
JESPER ,4
JEZ ,4
JI ,4
JIAN ,4
JIYAN ,4
JOAB ,4
JOHNY ,4
JONSON ,4
JOOLS ,4
JORIS ,4
JOSHUA-LEE ,4
JOSHWA ,4
JOSIAS ,4
JUBAIR ,4
KADIN ,4
KAEDYN ,4
KAELIN ,4
KAELUM ,4
KAID ,4
KAIE ,4
KAISAAN ,4
KAMAR ,4
KAMREN ,4
KARANDEEP ,4
KARANVIR ,4
KAREL ,4
KARRAN ,4
KARTHIK ,4
KARTIK ,4
KATHAN ,4
KAVEH ,4
KAVEN ,4
KAVIN ,4
KAYSAN ,4
KEHINDE ,4
KELBY ,4
KELLAN ,4
KEMAL ,4
KETAN ,4
KEYON ,4
KHANG ,4
KHARI ,4
KHAYA ,4
KHIZER ,4
KHURRAM ,4
KIA ,4
KIEL ,4
KIERAN-LEE ,4
KILE ,4
KIMANI ,4
KIP ,4
KLEIN ,4
KOBBY ,4
KOHEN ,4
KOLAWOLE ,4
KORBAN ,4
KUNAL ,4
KURUN ,4
KWADWO ,4
KYA ,4
KYLEN ,4
KYLER ,4
KYRO ,4
LAIGHTON ,4
LAINE ,4
LAKSH ,4
LAQUAN ,4
LARSSON ,4
LAURYNAS ,4
LEEJAY ,4
LEEROY ,4
LENNI ,4
LERON ,4
LEVY ,4
LEWY ,4
LEXUS ,4
LEYLAN ,4
LOUKAS ,4
LOXLEY ,4
LUAY ,4
LUCIO ,4
LUCKY ,4
LUIE ,4
MAAHIR ,4
MAAZ ,4
MACAULLY ,4
MACAULY ,4
MACIEK ,4
MACKENZI ,4
MADDISON ,4
MAHER ,4
MAHFOOZ ,4
MAHFUZ ,4
MAHMUT ,4
MAJD ,4
MAK ,4
MAKHI ,4
MALAKYE ,4
MALIKI ,4
MALIN ,4
MANICHE ,4
MANJOT ,4
MANKARAN ,4
MANU ,4
MANUS ,4
MARCELL ,4
MARIUSZ ,4
MARLEE ,4
MARLI ,4
MARLOWE ,4
MARTEL ,4
MARTINO ,4
MARTY ,4
MARUF ,4
MASIMBA ,4
MASOUD ,4
MASSON ,4
MATAN ,4
MATEEN ,4
MATEUS ,4
MATH ,4
MATHIEU ,4
MATIS ,4
MATISSE ,4
MATYAS ,4
MAXTON ,4
MCKINLEY ,4
MCKYE ,4
MD. ,4
MEMET ,4
MERDI ,4
MESSIAH ,4
MIHAILO ,4
MIKAAL ,4
MIKHAEL ,4
MILTON ,4
MINH ,4
MIRAJ ,4
MITCHAL ,4
MOBEEN ,4
MOEED ,4
MOHAMEDAMIN ,4
MOHAN ,4
MORGAN-LEE ,4
MORLEY ,4
MORTEN ,4
MUAADH ,4
MUBARIK ,4
MUBASHAR ,4
MUNASAR ,4
MUS'AB ,4
MUSTAFE ,4
MUZAMIL ,4
NAGLIS ,4
NAJAF ,4
NAJEEB ,4
NAJIM ,4
NAQEEB ,4
NASHWAN ,4
NAUMAN ,4
NAVRAJ ,4
NAWAF ,4
NAYEL ,4
NAZAR ,4
NEHAL ,4
NIAL ,4
NIVEN ,4
NIXON ,4
NOAMAN ,4
NORBERT ,4
NUMAAN ,4
NURADIN ,4
OBIE ,4
OGHENETEGA ,4
OLAJIDE ,4
OLAN ,4
OLANREWAJU ,4
OLATOKUNBO ,4
OLUSEGUN ,4
OLUWAFERANMI ,4
OLUWAMAYOMIKUN ,4
OLUWATOSIN ,4
ORI ,4
ORRIN ,4
OSAHON ,4
OSAZE ,4
OUSMAN ,4
PAARTH ,4
PAISLEY ,4
PARAMVEER ,4
PARAS ,4
PARDEEP ,4
PETE ,4
PEYTON ,4
PHINEAS ,4
PIETRO ,4
PINCHOS ,4
PRATIK ,4
PRITESH ,4
QAASIM ,4
QUADE ,4
RAAFAY ,4
RADWAN ,4
RAFAY ,4
RAJDEEP ,4
RAJIV ,4
RAJVIR ,4
RALPHY ,4
RAMADAN ,4
RAMSEY ,4
RANDALL ,4
RANDEEP ,4
RAPHEL ,4
RAQEEB ,4
RASAN ,4
RASHARN ,4
RATU ,4
RAUNAK ,4
RAUSHAN ,4
RAVINDER ,4
RENATO ,4
REUVEN ,4
REZA ,4
RHYLEY ,4
RIDHWAAN ,4
RILEE ,4
RILEIGH ,4
RIQUELME ,4
RISHAAN ,4
RISHIK ,4
RIVERS ,4
RIYAZ ,4
ROBAT ,4
ROEN ,4
ROHIN ,4
ROLANDO ,4
ROMAINE ,4
ROMARNO ,4
ROMEL ,4
ROMI ,4
ROSHANE ,4
ROYSTON ,4
RUARIDH ,4
RUBAN ,4
RUSSEL ,4
RUSTAM ,4
RY ,4
RYDEN ,4
RYU ,4
SABEEL ,4
SAFYAAN ,4
SAGE ,4
SAHEIM ,4
SAHIM ,4
SAHR ,4
SAJJAD ,4
SALEEM ,4
SAMUELE ,4
SAN ,4
SANDER ,4
SANJIT ,4
SANTOS ,4
SARAN ,4
SARWAR ,4
SAUGAT ,4
SAVVAS ,4
SAYYED ,4
SEM ,4
SEMIH ,4
SENNEN ,4
SERKAN ,4
SEVEN ,4
SHABAAN ,4
SHADRACH ,4
SHAINE ,4
SHAKAI ,4
SHAMAS ,4
SHAMSHER ,4
SHAQUAN ,4
SHAURYA ,4
SHAZAIB ,4
SHAZEB ,4
SHERIDAN ,4
SHIVAN ,4
SHLOIME ,4
SHOLTO ,4
SHRAY ,4
SIDAR ,4
SIR ,4
SIRAAJ ,4
SKYE ,4
SOFIANE ,4
SOMTOCHUKWU ,4
SUBER ,4
SUHAAN ,4
SUNNI ,4
SVEN ,4
TAAHIR ,4
TAKONDWA ,4
TALIB ,4
TALLON ,4
TAMEEM ,4
TANA ,4
TARO ,4
TARRON ,4
TASHAN ,4
TAWHEED ,4
TAYDEN ,4
TAYEB ,4
TAYON ,4
TAYSHAUN ,4
TEODORO ,4
THARUN ,4
THEON ,4
THIAGO ,4
THORNE ,4
TIMON ,4
TINAYE ,4
TINO ,4
TITUS ,4
TOBENNA ,4
TOBIASZ ,4
TOMOKI ,4
TORBEN ,4
TRINITY ,4
TRISTYN ,4
TULLY ,4
TYLER-LEE ,4
URIAH ,4
URIEL ,4
VALDEMAR ,4
VALENTIN ,4
VALENTINE ,4
VIHAAN ,4
VINH ,4
VINICIUS ,4
VINNI ,4
VIR ,4
VITTORIO ,4
VRAJ ,4
WAHID ,4
WAJID ,4
WALI ,4
WARIS ,4
WASI ,4
WEN ,4
WISAM ,4
XANDA ,4
XERXES ,4
YACOB ,4
YAGO ,4
YAKUB ,4
YANNI ,4
YASHVEER ,4
YIN ,4
YITZI ,4
YOONIS ,4
YOSEPH ,4
YUSIF ,4
YUVAL ,4
ZAAHID ,4
ZAAKIR ,4
ZACARIAH ,4
ZACARIAS ,4
ZACKARIA ,4
ZAFAR ,4
ZAFIR ,4
ZAHEER ,4
ZAKERIA ,4
ZAKRIYA ,4
ZAN ,4
ZANYAR ,4
ZE ,4
ZEB ,4
ZEIN ,4
ZEPHAN ,4
ZEV ,4
ZHAO ,4
ZIDAAN ,4
ZORAWAR ,4
AABID ,3
AAKASH ,3
AANIS ,3
AAREN ,3
AARIAN ,3
AASHISH ,3
AASIF ,3
AAYAAN ,3
ABDERAHMAN ,3
ABDIKARIM ,3
ABDILLAHI ,3
ABDIRASHID ,3
ABDISALAM ,3
ABDIWAHID ,3
ABDUL-HAKEEM ,3
ABDUL-KAREEM ,3
ABDULAHAD ,3
ABDULAI ,3
ABDULHAKEEM ,3
ABDULKAREEM ,3
ABDULMAJEED ,3
ABDULRAHIM ,3
ABDUR-REHMAN ,3
ABDURRAHMAAN ,3
ABDUS-SAMAD ,3
ABEER ,3
ABENEZER ,3
ABHIRAJ ,3
ABINAYAN ,3
ABIOLA ,3
ABISAN ,3
ABISHAN ,3
ABRAM ,3
ABUBAKARR ,3
ADEBOWALE ,3
ADEDEJI ,3
ADEDOYIN ,3
ADEMOLA ,3
ADEOLA ,3
ADEOLUWA ,3
ADON ,3
ADVAITH ,3
AFNAN ,3
AFOLABI ,3
AFON ,3
AFRAZ ,3
AHSEN ,3
AIKEN ,3
AIRON ,3
AJIBOLA ,3
AJIT ,3
AKAI ,3
AKAR ,3
AKASHDEEP ,3
AKHTAR ,3
AKIB ,3
AKSEL ,3
AKSHITH ,3
AL-AMEEN ,3
ALAMIN ,3
ALBARAA ,3
ALEXI ,3
ALFIE-JACK ,3
ALFIE-JOHN ,3
ALFIE-RAY ,3
ALHAJI ,3
ALIJAH ,3
ALIYAN ,3
ALMIR ,3
ALPER ,3
ALPEREN ,3
ALTAN ,3
ALWIN ,3
ALYAAN ,3
AMAAZ ,3
AMARA ,3
AMARE ,3
AMARPAL ,3
AMAURY ,3
AMINUR ,3
ANAN ,3
ANDILE ,3
ANDRAS ,3
ANDREY ,3
ANGAD ,3
ANIKET ,3
ANMOL ,3
ANOTIDA ,3
ANTANAS ,3
ANTONIN ,3
ANTONIS ,3
APISAN ,3
APOLLO ,3
ARBAZ ,3
ARCHEY ,3
ARCHIE-LEE ,3
ARCHIT ,3
AREN ,3
ARFAN ,3
ARHUM ,3
ARISH ,3
ARIZ ,3
ARMEN ,3
ARMIN ,3
ARMINAS ,3
ARNEZ ,3
ARSAL ,3
ARSHAN ,3
ARTEM ,3
ARYO ,3
AS'AD ,3
ASHAN ,3
ASHIR ,3
ASHLEIGH ,3
ASHLY ,3
ASSAD ,3
ATHAN ,3
ATHANASIOS ,3
ATHARVA ,3
AUGUSTE ,3
AUGUSTIN ,3
AUGUSTINAS ,3
AURELIO ,3
AVIDAN ,3
AVNEET ,3
AYAAZ ,3
AYHAM ,3
AYO ,3
AYOOLA ,3
AZAM ,3
AZLAN ,3
BABAK ,3
BABAR ,3
BAILEIGH ,3
BAILEY-JAY ,3
BAILEY-LEE ,3
BAKARI ,3
BAKARY ,3
BALAL ,3
BALAZS ,3
BALJEET ,3
BALTHAZAR ,3
BAMIDELE ,3
BAQIR ,3
BARCLAY ,3
BARUCH ,3
BASHAR ,3
BASSEL ,3
BATUHAN ,3
BAYLIE ,3
BEAUMONT ,3
BECKHAM ,3
BEDWYR ,3
BENARD ,3
BENET ,3
BENJAMAN ,3
BENJAMEN ,3
BENJIMAN ,3
BEREN ,3
BERKE ,3
BERTRAND ,3
BEXLEY ,3
BHAVESH ,3
BILLY-JAY ,3
BILLY-RAY ,3
BINYOMIN ,3
BLANE ,3
BLAYZE ,3
BLYTH ,3
BODE ,3
BORUCH ,3
BRANDON-LEIGH ,3
BRANDONLEE ,3
BRANNAN ,3
BRAYAN ,3
BRENDYN ,3
BRENTLEY ,3
BRET ,3
BRILEY ,3
BRODEY ,3
BROOKLIN ,3
BRYDEN ,3
C-JAY ,3
CADON ,3
CAEDON ,3
CAELEB ,3
CAESAR ,3
CAIDAN ,3
CAILEM ,3
CAILUM ,3
CALAM ,3
CALEM ,3
CALIB ,3
CAMERON-JAMES ,3
CAMERON-LEE ,3
CARLIN ,3
CARLITO ,3
CATHAL ,3
CATO ,3
CAYDAN ,3
CAYLUM ,3
CAYO ,3
CEIAN ,3
CEIRION ,3
CEIRON ,3
CENGIZHAN ,3
CHARL ,3
CHARLIE-GEORGE ,3
CHARLIE-JAMES ,3
CHARLIE-RAY ,3
CHAZ ,3
CHESNEY ,3
CHET ,3
CHI ,3
CHIDERA ,3
CHIDI ,3
CHIDUBEM ,3
CHISOM ,3
CHRISTIE ,3
CHRISTOPHER-JAMES ,3
CHUKWUNONSO ,3
CHURCHILL ,3
CIANAN ,3
CION ,3
CIRON ,3
CIWAN ,3
CLEON ,3
CODEN ,3
CODY-JAY ,3
COLBIE ,3
COLLIN ,3
COLLINS ,3
CONLAN ,3
CONN ,3
CONNEL ,3
CORBON ,3
CORBY ,3
CORDELL ,3
COREY-JAMES ,3
COWEN ,3
CUAN ,3
CURRAN ,3
CYRON ,3
D ,3
DAIN ,3
DAIRE ,3
DAMARIO ,3
DANAS ,3
DANESH ,3
DANIAAL ,3
DANNYLEE ,3
DANUSHAN ,3
DANVEER ,3
DARION ,3
DARIUSZ ,3
DARRAN ,3
DARRIAN ,3
DARRION ,3
DARYAN ,3
DASHAWN ,3
DAVONTAE ,3
DAYA ,3
DAYAL ,3
DAYSHAUN ,3
DE'ANDRE ,3
DE'SHAUN ,3
DEACAN ,3
DEAKEN ,3
DEANE ,3
DEIMANTAS ,3
DEIVYDAS ,3
DEJON ,3
DEKLAN ,3
DELAN ,3
DELWYN ,3
DEMETRI ,3
DEMIAN ,3
DEMITRIUS ,3
DENLEY ,3
DENZYL ,3
DEREN ,3
DERRYN ,3
DESHAN ,3
DEVAM ,3
DEVINE ,3
DEVONDRE ,3
DHANYAL ,3
DHRUVA ,3
DIAKO ,3
DIAR ,3
DIAZ ,3
DIJON ,3
DILSHAN ,3
DINEL ,3
DINUK ,3
DIONTE ,3
DIRK ,3
DIWAN ,3
DJ ,3
DMITRI ,3
DMITRIY ,3
DOHYUN ,3
DOMANIC ,3
DWIGHT ,3
DYLAN-THOMAS ,3
DZIUGAS ,3
EDDISON ,3
EDGARAS ,3
EDIS ,3
EDVARDAS ,3
EDVIN ,3
EDWYN ,3
EFOSA ,3
EHSEN ,3
EHTISHAM ,3
EKREM ,3
ELAN ,3
ELDEN ,3
ELGAN ,3
ELJAY ,3
ELLERY ,3
EMMERSON ,3
EMMET ,3
ENDI ,3
ERDEM ,3
ERIND ,3
ERNESTO ,3
ESAA ,3
ESHER ,3
ESMOND ,3
ESROM ,3
ESSAN ,3
ETHEM ,3
EVANS ,3
EVIN ,3
EYAL ,3
EZANA ,3
FADI ,3
FADIL ,3
FAHMI ,3
FAIZAL ,3
FALAK ,3
FARAAZ ,3
FARAI ,3
FARDIN ,3
FARRAN ,3
FARRIS ,3
FATIH ,3
FAYAZ ,3
FAYYAZ ,3
FERGUSON ,3
FIIFI ,3
FIN ,3
FINAN ,3
FINLY ,3
FINNBARR ,3
FIRAS ,3
FLORIAN ,3
FORTUNE ,3
FOSTER ,3
FRANCIE ,3
FRANCOIS ,3
FRANKEY ,3
FREDDI ,3
FREDDIE-LEE ,3
FREEMAN ,3
FRITZ ,3
FUAAD ,3
FUZAIL ,3
FYNLEE ,3
GABRIAL ,3
GARMON ,3
GARRICK ,3
GARRISON ,3
GASPAR ,3
GAUTAM ,3
GAZI ,3
GENESIS ,3
GENO ,3
GEORGIOS ,3
GIANFRANCO ,3
GIANPAOLO ,3
GIFT ,3
GILAD ,3
GIVEN ,3
GLODI ,3
GOBIND ,3
GODSON ,3
GOKHAN ,3
GOLDEN ,3
GRACE ,3
GREAT ,3
GURDAS ,3
GURJEEVAN ,3
GURKARAN ,3
GURNEET ,3
GURRAJ ,3
GURSHAAN ,3
GURVIR ,3
GUSTAS ,3
GWYN ,3
HAAMID ,3
HAAROON ,3
HAASHIM ,3
HABIBUR ,3
HABIL ,3
HAI ,3
HANLEY ,3
HANSON ,3
HARALD ,3
HARDEV ,3
HARGUN ,3
HARKEERAT ,3
HARLI ,3
HARLY ,3
HARMANJIT ,3
HARNOOR ,3
HARRY-JAMES ,3
HARRY-LEE ,3
HARSHDEEP ,3
HARSHIV ,3
HARU ,3
HARUKI ,3
HARVEY-JAMES ,3
HARVEY-JOE ,3
HARVI ,3
HARVY ,3
HARYAN ,3
HASHAAM ,3
HASHEM ,3
HASNAAT ,3
HEALEY ,3
HEDDWYN ,3
HEINRICH ,3
HELDER ,3
HEMISH ,3
HENDERSON ,3
HERSHI ,3
HERSI ,3
HESHAM ,3
HIEU ,3
HIMESH ,3
HOANG ,3
HOPE ,3
HRISHIKESH ,3
HUD ,3
HUDHAYFAH ,3
HUSSAN ,3
HUZAIR ,3
HUZAYFA ,3
IANTO ,3
IBRAHIMA ,3
IBRAR ,3
IBUKUNOLUWA ,3
IDEN ,3
IDRISS ,3
IFECHUKWUDE ,3
IFTIKHAR ,3
IKENNA ,3
IKPONMWOSA ,3
ILHAN ,3
ILJA ,3
ILYAAS ,3
IMRAAN ,3
INDI ,3
INDIE ,3
INDIO ,3
IRVIN ,3
ISAAM ,3
ISHAK ,3
ISHFAQ ,3
ISHTIAQ ,3
ISIDORE ,3
ISLAM ,3
ISMA'EEL ,3
ISMA'IL ,3
ISMAIEL ,3
ISSAM ,3
IYANUOLUWA ,3
IZAZUL ,3
JACCOB ,3
JACEY ,3
JAEDYN ,3
JAFFAR ,3
JAGGER ,3
JAGTAR ,3
JAHARI ,3
JAHMAR ,3
JAHRELL ,3
JAIMIN ,3
JAIVEER ,3
JAIVIR ,3
JAKSON ,3
JALEEL ,3
JAMIESON ,3
JAMISON ,3
JANUJAN ,3
JARAD ,3
JARON ,3
JASBIR ,3
JASH ,3
JASIM ,3
JASIR ,3
JASKIRAT ,3
JASPAL ,3
JATIN ,3
JAVONTAE ,3
JAWWAD ,3
JAX ,3
JAYCE ,3
JAYLEE ,3
JAYMES ,3
JAYVON ,3
JEET ,3
JEMAINE ,3
JERALD ,3
JEREMI ,3
JERMAYNE ,3
JERON ,3
JERRARD ,3
JERRELL ,3
JERZY ,3
JESSI ,3
JESSY ,3
JEVAUGHN ,3
JEVIN ,3
JING ,3
JO ,3
JODH ,3
JOHN-JOSEPH ,3
JOHNNY-LEE ,3
JOKUBAS ,3
JON-JAMES ,3
JONO ,3
JORDAINE ,3
JORDY ,3
JOVEN ,3
JOVI ,3
JUBRIL ,3
JUVAN ,3
KADEEM ,3
KAE ,3
KAH ,3
KAI-REECE ,3
KAIDYN ,3
KAILASH ,3
KAIZAR ,3
KAJ ,3
KAJETAN ,3
KAL-EL ,3
KALEEL ,3
KALIN ,3
KALLAM ,3
KALLE ,3
KALOYAN ,3
KALYAN ,3
KAM ,3
KAMAAL ,3
KAMALDEEP ,3
KAMANI ,3
KAMEEL ,3
KAMRAAN ,3
KANO ,3
KANYA ,3
KARAMVEER ,3
KARLOS ,3
KARMA ,3
KARN ,3
KARO ,3
KARSTEN ,3
KARUM ,3
KASHAAN ,3
KASHAN ,3
KASSA ,3
KAUSAR ,3
KAVEEN ,3
KAVI ,3
KAY ,3
KAYD ,3
KAYLEB ,3
KAYLUN ,3
KAZEEM ,3
KC ,3
KEANON ,3
KEAON ,3
KEARNO ,3
KEBBA ,3
KEEAN ,3
KEEHAN ,3
KEINAN ,3
KEION ,3
KEITON ,3
KELYN ,3
KEMI ,3
KENEIL ,3
KENNA ,3
KENT ,3
KENZIE-LEE ,3
KERIAN ,3
KERN ,3
KERRIGAN ,3
KHALIF ,3
KHAMARI ,3
KHAWAJA ,3
KHAYRI ,3
KHAYYAM ,3
KHIZR ,3
KHURAM ,3
KHY ,3
KHYAN ,3
KHYLE ,3
KIARON ,3
KIEDIS ,3
KIERANLEE ,3
KIERYN ,3
KILIAN ,3
KIN ,3
KINSLEY ,3
KION ,3
KISHORE ,3
KITSON ,3
KITT ,3
KIY ,3
KLAIDAS ,3
KLAJDI ,3
KLEVIS ,3
KOAN ,3
KODA ,3
KODEY ,3
KONOR ,3
KONSTANTIN ,3
KORIE ,3
KORNEL ,3
KOUROSH ,3
KRISHAV ,3
KRISHIV ,3
KRISTIEN ,3
KRISTUPAS ,3
KUDAKWASHE ,3
KUMAIL ,3
KUMAYL ,3
KY-MANI ,3
KYANN ,3
KYLO ,3
KYREESE ,3
KYREL ,3
KYZER ,3
LABIB ,3
LAIRD ,3
LAKSHYA ,3
LAMIN ,3
LANE ,3
LATIF ,3
LAYTEN ,3
LAZAR ,3
LEAM ,3
LEBAN ,3
LEBRON ,3
LEDION ,3
LEE-JAMES ,3
LEE-JAY ,3
LEIF ,3
LELAN ,3
LEN ,3
LENARD ,3
LENOX ,3
LEONE ,3
LEONIT ,3
LEVAN ,3
LEVEN ,3
LEVIN ,3
LEWES ,3
LEWIS-LEE ,3
LIIBAN ,3
LLEU ,3
LOCHLAIN ,3
LORIK ,3
LUCAN ,3
LUEY ,3
LUKAH ,3
LUKEN ,3
LUKMAN ,3
LUKUS ,3
LUYANDA ,3
MACE ,3
MACENZIE ,3
MACEO ,3
MACKLIN ,3
MADHAV ,3
MAHFUJUR ,3
MAHIDUL ,3
MAHIM ,3
MAHIN ,3
MAHMUD ,3
MAIWAND ,3
MAKS ,3
MAKSYM ,3
MALI ,3
MALIQUE ,3
MANAS ,3
MANASSEH ,3
MANDEEP ,3
MANNY ,3
MANSUR ,3
MARDOCHEE ,3
MARIAN ,3
MARIN ,3
MARKAS ,3
MARKOS ,3
MARLY ,3
MARTIM ,3
MARTINAS ,3
MARTINS ,3
MARVELLOUS ,3
MARVELOUS ,3
MARWAAN ,3
MASEN ,3
MASHUD ,3
MASSI ,3
MATAI ,3
MATEI ,3
MATTHIS ,3
MATYS ,3
MAXENCE ,3
MAXYMILIAN ,3
MAYAN ,3
MAZEN ,3
MCKENZIE-JAY ,3
MDUDUZI ,3
MEDWYN ,3
MEER ,3
MELVYN ,3
MERAN ,3
MERRICK ,3
MERVYN ,3
METEHAN ,3
MICHEL ,3
MICHELE ,3
MICKIE ,3
MIHAI ,3
MIKKEL ,3
MIKKO ,3
MILOS ,3
MIN ,3
MINDAUGAS ,3
MING ,3
MIROSLAV ,3
MITCHALL ,3
MO ,3
MODOU ,3
MOHAMED-AMIN ,3
MOHAMOUD ,3
MOHANAD ,3
MOHHAMED ,3
MOHOMMED ,3
MOHUMMED ,3
MOISHY ,3
MOMEN ,3
MONTEL ,3
MORGEN ,3
MORITZ ,3
MOUNIR ,3
MOYOSOREOLUWA ,3
MUEEZ ,3
MUFADDAL ,3
MUFAROWASHE ,3
MUHAMMAD-BILAL ,3
MUIZ ,3
MUJEEB ,3
MUKTAR ,3
MUNYARADZI ,3
MUSAAB ,3
MUSAWER ,3
MUSSA ,3
MUSTAF ,3
MUSTAFAA ,3
MUSTANSIR ,3
MUTASIM ,3
MUZAMMIL ,3
MYAN ,3
NAA'IL ,3
NADER ,3
NADIM ,3
NAEL ,3
NAFIS ,3
NAFTULI ,3
NAHIYAN ,3
NAJI ,3
NARAIN ,3
NASHAWN ,3
NASIF ,3
NATHAN-LEE ,3
NAVDEEP ,3
NAVEEN ,3
NAVIN ,3
NAWFAL ,3
NE-YO ,3
NEEKO ,3
NEHAN ,3
NERO ,3
NESTOR ,3
NEWTON ,3
NEYO ,3
NGUYEN ,3
NICCOLO ,3
NICOLA ,3
NIHAD ,3
NIKESH ,3
NIMESH ,3
NINO ,3
NIRAN ,3
NISHANT ,3
NIYAM ,3
NIYAZ ,3
NKOSI ,3
NNANNA ,3
NORMAN ,3
NOSAKHARE ,3
NTANDOYENKOSI ,3
NURDIN ,3
NYRON ,3
O'NEIL ,3
O'SHEA ,3
OAK ,3
OBADIAH ,3
OBAN ,3
OBED ,3
OKKES ,3
OLAKUNLE ,3
OLAOLUWAKITAN ,3
OLAWALE ,3
OLAYINKA ,3
OLE ,3
OLIN ,3
OLIVER-JAMES ,3
OLLEY ,3
OLLIVER ,3
OLTI ,3
OLUJIMI ,3
OLUWAJOMILOJU ,3
OLUWAROTIMI ,3
OLUWASEMILORE ,3
OLUWATAMILORE ,3
OLUWATOBA ,3
OLUWATONI ,3
OMAIR ,3
OMARIAN ,3
OMED ,3
OMOTAYO ,3
ONDREJ ,3
ONYEDIKACHI ,3
OPEYEMI ,3
OREST ,3
OROBOSA ,3
OSWIN ,3
OTO ,3
OWIN ,3
OZKAN ,3
PARIN ,3
PARTHIV ,3
PAULIUS ,3
PEARSON ,3
PENIEL ,3
PETROS ,3
PHARELL ,3
PHARREN ,3
PHIL ,3
PHILIPPE ,3
PLAMEDI ,3
PRAJIN ,3
PRANEEL ,3
PRITPAL ,3
QADAR ,3
QUINTEN ,3
RADU ,3
RAEF ,3
RAEPH ,3
RAFIK ,3
RAHAN ,3
RAHAND ,3
RAHI ,3
RAID ,3
RAJAB ,3
RAJVINDER ,3
RAKAN ,3
RAKEEB ,3
RAKEEM ,3
RAMEEZ ,3
RAMTIN ,3
RANBIR ,3
RANULPH ,3
RANVIR ,3
RASHAAN ,3
RASHAWN ,3
RASUL ,3
RAYANE ,3
RAYDEN ,3
RAYON ,3
RAZI ,3
REAGON ,3
REDHA ,3
REILEY ,3
RESHAUN ,3
REUBAN ,3
REYES ,3
REYO ,3
RHEMA ,3
RHIAD ,3
RHYAN ,3
RICCO ,3
RICK ,3
RIISE ,3
RIKARDO ,3
RIKESH ,3
RILEY-JAMES ,3
RILWAN ,3
RISHIL ,3
RISHON ,3
RITESH ,3
RITHIK ,3
RITHVIK ,3
RIVEN ,3
RIYAAN ,3
RIZA ,3
ROBINSON ,3
ROC ,3
ROJUS ,3
ROLAN ,3
ROMAREO ,3
ROMARI ,3
ROMELL ,3
ROMY ,3
ROSARIO ,3
ROSHAAN ,3
ROSHAUN ,3
RUADHAN ,3
RUDIE ,3
RUDWAN ,3
RUEL ,3
RUNE ,3
RUPEN ,3
RUSHANE ,3
RYAD ,3
RYE ,3
SA'AD ,3
SAAHIR ,3
SAAIM ,3
SABASTIAN ,3
SABBIR ,3
SADAQ ,3
SAEEM ,3
SAHAN ,3
SAINT ,3
SAJEEL ,3
SAKARIA ,3
SAKARIYA ,3
SAMAN ,3
SAMATAR ,3
SAMESH ,3
SAMI-UL ,3
SAMIH ,3
SAMIM ,3
SAMIN ,3
SAMIULLAH ,3
SAMMI ,3
SAMMIE ,3
SAMRAJ ,3
SANDEEP ,3
SANDILE ,3
SANJEEV ,3
SANJU ,3
SANTANA ,3
SANVEER ,3
SAQLAIN ,3
SARUJAN ,3
SATHUSAN ,3
SATNAM ,3
SAUD ,3
SAYAM ,3
SAYEM ,3
SAYF ,3
SAYYID ,3
SEAN-PAUL ,3
SEANN ,3
SEHAJ ,3
SENA ,3
SENUKA ,3
SERGE ,3
SEWERYN ,3
SEYAR ,3
SEZER ,3
SHABAN ,3
SHAFI ,3
SHAFIQ ,3
SHAHEEN ,3
SHAHZEB ,3
SHAKA ,3
SHAKIEL ,3
SHALIN ,3
SHAMIL ,3
SHAMUS ,3
SHANNON ,3
SHAQUIEL ,3
SHARAN ,3
SHAREEF ,3
SHARUKESH ,3
SHAYEN ,3
SHAZAD ,3
SHEEHAN ,3
SHEHROZ ,3
SHEK ,3
SHEN ,3
SHENG ,3
SHERIF ,3
SHERIFF ,3
SHI ,3
SHIRAZ ,3
SHIVA ,3
SHMUEL ,3
SHORIF ,3
SHURAIM ,3
SHYAN ,3
SIDHARTH ,3
SIKANDAR ,3
SIKANDER ,3
SIMAO ,3
SIMONAS ,3
SIMRAN ,3
SINAI ,3
SMITH ,3
SOBAAN ,3
SOHRAB ,3
SOORYA ,3
SOTIRIS ,3
SOUFIAN ,3
STAVROS ,3
STELIOS ,3
STEPHANE ,3
STERLING ,3
STONE ,3
SUKHMAN ,3
SULAYMAAN ,3
SULLY ,3
SUMIT ,3
SWALEY ,3
T. ,3
T.J. ,3
TABISH ,3
TADGH ,3
TAE ,3
TALAHA ,3
TALON ,3
TANATSWA ,3
TANER ,3
TANISHQ ,3
TANNER ,3
TANWIR ,3
TAPIWANASHE ,3
TARANDEEP ,3
TARANVEER ,3
TARANVIR ,3
TAREN ,3
TAREQ ,3
TARIAN ,3
TARIQUE ,3
TARKAN ,3
TARRAN ,3
TARRIN ,3
TASEEN ,3
TASHARN ,3
TASHI ,3
TATHAN ,3
TAVIS ,3
TAVONGA ,3
TAWFIQ ,3
TAYLON ,3
TAYLOR-JAMES ,3
TAYYUB ,3
TEAN ,3
TEE ,3
TEEGAN ,3
TEIFI ,3
TEIGAN ,3
TEILO ,3
TEJAY ,3
THADDEUS ,3
THADY ,3
THELONIOUS ,3
THIVYAN ,3
TIAM ,3
TIARNAN ,3
TIBOR ,3
TIGHE ,3
TITO ,3
TOBE ,3
TOBECHI ,3
TOHEED ,3
TOLGA ,3
TOLUWALASE ,3
TOMA ,3
TOMMAS ,3
TORRIN ,3
TORSTEN ,3
TRAFFORD ,3
TREASURE ,3
TRENTON ,3
TUMELO ,3
TURAAB ,3
TYAN ,3
TYCHO ,3
TYGER ,3
TYLAH ,3
TYLER-JOE ,3
TYLER-JON ,3
TYLERJAY ,3
TYREEK ,3
TYREES ,3
TYREKE ,3
TYREN ,3
TYRHYS ,3
TYRRELL ,3
UDAY ,3
ULAS ,3
URBAN ,3
URI ,3
UTHMAAN ,3
UYIOSA ,3
VADIM ,3
VARANDEEP ,3
VASCO ,3
VELI ,3
VIET ,3
VIKRAMJIT ,3
VILIUS ,3
VISHAAL ,3
VIVAN ,3
WAFI ,3
WAHAAB ,3
WAHEED ,3
WAJAHAT ,3
WAJEEH ,3
WEZLEY ,3
WILFIE ,3
WINTER ,3
WISSAM ,3
WOLF ,3
XAVI ,3
XIANG ,3
YACOUB ,3
YAMEEN ,3
YANI ,3
YANIK ,3
YANNIK ,3
YAPHET ,3
YASHRAJ ,3
YEHOSHUA ,3
YIANNIS ,3
YISHAI ,3
YONAH ,3
YONG ,3
YORICK ,3
YOSHI ,3
YOSSEF ,3
YOUSOF ,3
YUKAI ,3
YUSSUF ,3
YVES ,3
ZAAMIN ,3
ZACARY ,3
ZACHORY ,3
ZAHIN ,3
ZAIM ,3
ZAINUDIN ,3
ZAINUL ,3
ZALMAN ,3
ZARAR ,3
ZAYDAN ,3
ZEBULUN ,3
ZECHARIAH ,3
ZENON ,3
ZEPH ,3
ZIKRIYA ,3
ZINEDDINE ,3
ZOHAIR ,3
ZUHAYB ,3
